src_id,dst_id,edge_type
cab5aa48075d,10729a4f35ce,links_to
846bd160c80f,2c21643360fc,links_to
b10baafc21ef,59a38a167e47,links_to
2170642291aa,37d21d0680e0,links_to
d82cd6ccbb5e,96057181c2ce,links_to
ecdb35f0d6dc,37be672eae2b,links_to
2c21643360fc,4808acaae9b3,links_to
37b573feddfa,37be672eae2b,links_to
aca7bdedc637,8f13a629c006,links_to
7b875232de76,96057181c2ce,links_to
2c21643360fc,3f0e5b6166fa,links_to
620700ba915b,508ac62cba60,links_to
957c1a7eca54,c6bce6f80cfd,links_to
f8c4c7fc5eef,96057181c2ce,links_to
8b59ac1648f1,37be672eae2b,links_to
02677ddcf285,cab5aa48075d,links_to
1703daed2e39,3f0e5b6166fa,links_to
03827b9845c0,86317ebe1be9,links_to
37b573feddfa,f97350e081b9,links_to
d2ca69260780,1703daed2e39,links_to
e21d8b0fec73,c9a02b0e596e,links_to
50cdbd9b2500,2170642291aa,links_to
aca7bdedc637,86317ebe1be9,links_to
d82cd6ccbb5e,723f18b5c915,links_to
dd8ffca97b36,59a38a167e47,links_to
e751c6101df7,59a38a167e47,links_to
3f0e5b6166fa,cab5aa48075d,links_to
d29090e25b37,59a38a167e47,links_to
cab5aa48075d,052c8b9e4e05,links_to
eeb895572eac,8b59ac1648f1,links_to
7b875232de76,723f18b5c915,links_to
a3f77e75fcc6,7b875232de76,links_to
cab5aa48075d,889e4cb30a72,links_to
f8c4c7fc5eef,723f18b5c915,links_to
50cdbd9b2500,e751c6101df7,links_to
d29090e25b37,eeb895572eac,links_to
3f0e5b6166fa,8b59ac1648f1,links_to
723f18b5c915,d82cd6ccbb5e,links_to
10729a4f35ce,8186d6afcd62,links_to
37be672eae2b,7830d5834c88,links_to
e751c6101df7,37b573feddfa,links_to
7830d5834c88,7b875232de76,links_to
8f13a629c006,1703daed2e39,links_to
cab5aa48075d,a3f77e75fcc6,links_to
f8c4c7fc5eef,10729a4f35ce,links_to
dd8ffca97b36,1703daed2e39,links_to
37b573feddfa,df2397e83fa1,links_to
052c8b9e4e05,c9a02b0e596e,links_to
4808acaae9b3,052c8b9e4e05,links_to
03827b9845c0,7b875232de76,links_to
50cdbd9b2500,957c1a7eca54,links_to
846bd160c80f,37d21d0680e0,links_to
37b573feddfa,e21d8b0fec73,links_to
aca7bdedc637,508ac62cba60,links_to
37d21d0680e0,dd8ffca97b36,links_to
508ac62cba60,620700ba915b,links_to
d82cd6ccbb5e,c04bc80bf955,links_to
f97350e081b9,10729a4f35ce,links_to
508ac62cba60,f8c4c7fc5eef,links_to
50cdbd9b2500,10729a4f35ce,links_to
f8c4c7fc5eef,c6bce6f80cfd,links_to
eeb895572eac,4808acaae9b3,links_to
d82cd6ccbb5e,03827b9845c0,links_to
c9a02b0e596e,889e4cb30a72,links_to
723f18b5c915,42d8eb67b19b,links_to
37d21d0680e0,957c1a7eca54,links_to
eeb895572eac,3f0e5b6166fa,links_to
f97350e081b9,8f13a629c006,links_to
f8c4c7fc5eef,03827b9845c0,links_to
d82cd6ccbb5e,d29090e25b37,links_to
2170642291aa,f8c4c7fc5eef,links_to
c04bc80bf955,7830d5834c88,links_to
37b573feddfa,2170642291aa,links_to
3f0e5b6166fa,3f0e5b6166fa,links_to
42d8eb67b19b,1703daed2e39,links_to
59a38a167e47,508ac62cba60,links_to
7b875232de76,d29090e25b37,links_to
dd8ffca97b36,2c21643360fc,links_to
f8c4c7fc5eef,d29090e25b37,links_to
c9a02b0e596e,0b0b501bf9dd,links_to
d2ca69260780,4808acaae9b3,links_to
508ac62cba60,8f13a629c006,links_to
1703daed2e39,620700ba915b,links_to
2c21643360fc,f8c4c7fc5eef,links_to
1703daed2e39,f8c4c7fc5eef,links_to
f97350e081b9,a3f77e75fcc6,links_to
02677ddcf285,c6bce6f80cfd,links_to
50cdbd9b2500,a3f77e75fcc6,links_to
37d21d0680e0,7830d5834c88,links_to
052c8b9e4e05,b10baafc21ef,links_to
508ac62cba60,86317ebe1be9,links_to
846bd160c80f,42d8eb67b19b,links_to
3f0e5b6166fa,c6bce6f80cfd,links_to
620700ba915b,8186d6afcd62,links_to
eeb895572eac,03827b9845c0,links_to
2170642291aa,86317ebe1be9,links_to
94a3819fe6ce,10729a4f35ce,links_to
c9a02b0e596e,c9a02b0e596e,links_to
42d8eb67b19b,2c21643360fc,links_to
e21d8b0fec73,59a38a167e47,links_to
96057181c2ce,3299c41ede69,links_to
96057181c2ce,37be672eae2b,links_to
e21d8b0fec73,eeb895572eac,links_to
37be672eae2b,1703daed2e39,links_to
d2ca69260780,d82cd6ccbb5e,links_to
e21d8b0fec73,37b573feddfa,links_to
96057181c2ce,02677ddcf285,links_to
b10baafc21ef,d82cd6ccbb5e,links_to
8186d6afcd62,d2ca69260780,links_to
3f0e5b6166fa,37be672eae2b,links_to
2c21643360fc,86317ebe1be9,links_to
620700ba915b,846bd160c80f,links_to
96057181c2ce,f97350e081b9,links_to
1703daed2e39,86317ebe1be9,links_to
846bd160c80f,94a3819fe6ce,links_to
37be672eae2b,8186d6afcd62,links_to
cab5aa48075d,aca7bdedc637,links_to
052c8b9e4e05,59a38a167e47,links_to
2c21643360fc,ecdb35f0d6dc,links_to
37b573feddfa,889e4cb30a72,links_to
957c1a7eca54,c9a02b0e596e,links_to
df2397e83fa1,8b59ac1648f1,links_to
eeb895572eac,f8c4c7fc5eef,links_to
723f18b5c915,3f0e5b6166fa,links_to
052c8b9e4e05,eeb895572eac,links_to
8b59ac1648f1,052c8b9e4e05,links_to
59a38a167e47,620700ba915b,links_to
e751c6101df7,d82cd6ccbb5e,links_to
dd8ffca97b36,d82cd6ccbb5e,links_to
3f0e5b6166fa,f8c4c7fc5eef,links_to
94a3819fe6ce,a3f77e75fcc6,links_to
c6bce6f80cfd,1703daed2e39,links_to
96057181c2ce,df2397e83fa1,links_to
2c21643360fc,50cdbd9b2500,links_to
42d8eb67b19b,37d21d0680e0,links_to
d2ca69260780,42d8eb67b19b,links_to
b10baafc21ef,42d8eb67b19b,links_to
ecdb35f0d6dc,02677ddcf285,links_to
7b875232de76,dd8ffca97b36,links_to
37b573feddfa,0b0b501bf9dd,links_to
d2ca69260780,d2ca69260780,links_to
0b0b501bf9dd,846bd160c80f,links_to
7b875232de76,94a3819fe6ce,links_to
37be672eae2b,2170642291aa,links_to
10729a4f35ce,d2ca69260780,links_to
d82cd6ccbb5e,ffff9f1665ba,links_to
ffff9f1665ba,8f13a629c006,links_to
dd8ffca97b36,42d8eb67b19b,links_to
723f18b5c915,c04bc80bf955,links_to
f8c4c7fc5eef,ffff9f1665ba,links_to
8f13a629c006,d2ca69260780,links_to
4808acaae9b3,c6bce6f80cfd,links_to
37d21d0680e0,1703daed2e39,links_to
ffff9f1665ba,86317ebe1be9,links_to
96057181c2ce,2170642291aa,links_to
37be672eae2b,4808acaae9b3,links_to
a3f77e75fcc6,37d21d0680e0,links_to
df2397e83fa1,37d21d0680e0,links_to
cab5aa48075d,3299c41ede69,links_to
37b573feddfa,c9a02b0e596e,links_to
c6bce6f80cfd,2170642291aa,links_to
50cdbd9b2500,aca7bdedc637,links_to
eeb895572eac,ecdb35f0d6dc,links_to
03827b9845c0,3f0e5b6166fa,links_to
3299c41ede69,cab5aa48075d,links_to
96057181c2ce,e751c6101df7,links_to
723f18b5c915,37be672eae2b,links_to
7830d5834c88,37b573feddfa,links_to
889e4cb30a72,8f13a629c006,links_to
96057181c2ce,96057181c2ce,links_to
0b0b501bf9dd,10729a4f35ce,links_to
37be672eae2b,10729a4f35ce,links_to
620700ba915b,03827b9845c0,links_to
4808acaae9b3,d29090e25b37,links_to
c9a02b0e596e,59a38a167e47,links_to
e751c6101df7,cab5aa48075d,links_to
03827b9845c0,37b573feddfa,links_to
eeb895572eac,50cdbd9b2500,links_to
3299c41ede69,8b59ac1648f1,links_to
4808acaae9b3,37be672eae2b,links_to
42d8eb67b19b,42d8eb67b19b,links_to
889e4cb30a72,86317ebe1be9,links_to
ffff9f1665ba,7b875232de76,links_to
10729a4f35ce,052c8b9e4e05,links_to
c6bce6f80cfd,4808acaae9b3,links_to
c9a02b0e596e,eeb895572eac,links_to
ecdb35f0d6dc,846bd160c80f,links_to
42d8eb67b19b,d2ca69260780,links_to
02677ddcf285,c9a02b0e596e,links_to
e21d8b0fec73,8f13a629c006,links_to
c04bc80bf955,4808acaae9b3,links_to
c6bce6f80cfd,10729a4f35ce,links_to
2170642291aa,8186d6afcd62,links_to
ecdb35f0d6dc,96057181c2ce,links_to
0b0b501bf9dd,03827b9845c0,links_to
723f18b5c915,df2397e83fa1,links_to
957c1a7eca54,59a38a167e47,links_to
f8c4c7fc5eef,02677ddcf285,links_to
b10baafc21ef,3f0e5b6166fa,links_to
a99d1fde16b3,86317ebe1be9,links_to
889e4cb30a72,7b875232de76,links_to
8186d6afcd62,c04bc80bf955,links_to
d2ca69260780,508ac62cba60,links_to
3299c41ede69,620700ba915b,links_to
0b0b501bf9dd,a3f77e75fcc6,links_to
10729a4f35ce,b10baafc21ef,links_to
c04bc80bf955,10729a4f35ce,links_to
723f18b5c915,e21d8b0fec73,links_to
37be672eae2b,a3f77e75fcc6,links_to
8b59ac1648f1,96057181c2ce,links_to
7830d5834c88,2170642291aa,links_to
4808acaae9b3,df2397e83fa1,links_to
cab5aa48075d,42d8eb67b19b,links_to
f97350e081b9,3299c41ede69,links_to
10729a4f35ce,508ac62cba60,links_to
f97350e081b9,37be672eae2b,links_to
50cdbd9b2500,3299c41ede69,links_to
ecdb35f0d6dc,723f18b5c915,links_to
2c21643360fc,8186d6afcd62,links_to
37b573feddfa,723f18b5c915,links_to
8f13a629c006,50cdbd9b2500,links_to
4808acaae9b3,e21d8b0fec73,links_to
8f13a629c006,b10baafc21ef,links_to
8186d6afcd62,d29090e25b37,links_to
96057181c2ce,889e4cb30a72,links_to
dd8ffca97b36,3f0e5b6166fa,links_to
e751c6101df7,3f0e5b6166fa,links_to
37d21d0680e0,3f0e5b6166fa,links_to
50cdbd9b2500,02677ddcf285,links_to
8b59ac1648f1,723f18b5c915,links_to
f97350e081b9,f97350e081b9,links_to
3f0e5b6166fa,052c8b9e4e05,links_to
2170642291aa,846bd160c80f,links_to
96057181c2ce,a3f77e75fcc6,links_to
8b59ac1648f1,2c21643360fc,links_to
a99d1fde16b3,7b875232de76,links_to
37be672eae2b,d2ca69260780,links_to
c6bce6f80cfd,a3f77e75fcc6,links_to
42d8eb67b19b,ecdb35f0d6dc,links_to
03827b9845c0,620700ba915b,links_to
cab5aa48075d,dd8ffca97b36,links_to
d2ca69260780,c04bc80bf955,links_to
b10baafc21ef,c04bc80bf955,links_to
03827b9845c0,f8c4c7fc5eef,links_to
02677ddcf285,02677ddcf285,links_to
eeb895572eac,02677ddcf285,links_to
cab5aa48075d,94a3819fe6ce,links_to
957c1a7eca54,957c1a7eca54,links_to
508ac62cba60,f97350e081b9,links_to
02677ddcf285,f97350e081b9,links_to
3f0e5b6166fa,02677ddcf285,links_to
f97350e081b9,df2397e83fa1,links_to
7830d5834c88,10729a4f35ce,links_to
e751c6101df7,c6bce6f80cfd,links_to
a3f77e75fcc6,8f13a629c006,links_to
ecdb35f0d6dc,03827b9845c0,links_to
f97350e081b9,e21d8b0fec73,links_to
dd8ffca97b36,c04bc80bf955,links_to
e751c6101df7,c04bc80bf955,links_to
42d8eb67b19b,508ac62cba60,links_to
8186d6afcd62,df2397e83fa1,links_to
b10baafc21ef,37be672eae2b,links_to
723f18b5c915,ffff9f1665ba,links_to
e21d8b0fec73,cab5aa48075d,links_to
ecdb35f0d6dc,d29090e25b37,links_to
a3f77e75fcc6,86317ebe1be9,links_to
846bd160c80f,86317ebe1be9,links_to
8186d6afcd62,e21d8b0fec73,links_to
4808acaae9b3,ffff9f1665ba,links_to
a3f77e75fcc6,ecdb35f0d6dc,links_to
e21d8b0fec73,8b59ac1648f1,links_to
620700ba915b,b10baafc21ef,links_to
f8c4c7fc5eef,dd8ffca97b36,links_to
957c1a7eca54,7830d5834c88,links_to
7830d5834c88,052c8b9e4e05,links_to
94a3819fe6ce,02677ddcf285,links_to
e751c6101df7,37be672eae2b,links_to
1703daed2e39,f97350e081b9,links_to
f97350e081b9,2170642291aa,links_to
02677ddcf285,59a38a167e47,links_to
aca7bdedc637,052c8b9e4e05,links_to
508ac62cba60,03827b9845c0,links_to
df2397e83fa1,7830d5834c88,links_to
37be672eae2b,ecdb35f0d6dc,links_to
10729a4f35ce,aca7bdedc637,links_to
f97350e081b9,dd8ffca97b36,links_to
50cdbd9b2500,dd8ffca97b36,links_to
c9a02b0e596e,d82cd6ccbb5e,links_to
052c8b9e4e05,8b59ac1648f1,links_to
eeb895572eac,846bd160c80f,links_to
37d21d0680e0,f8c4c7fc5eef,links_to
2170642291aa,03827b9845c0,links_to
50cdbd9b2500,94a3819fe6ce,links_to
0b0b501bf9dd,50cdbd9b2500,links_to
7830d5834c88,b10baafc21ef,links_to
b10baafc21ef,e21d8b0fec73,links_to
3f0e5b6166fa,846bd160c80f,links_to
50cdbd9b2500,8f13a629c006,links_to
0b0b501bf9dd,ffff9f1665ba,links_to
aca7bdedc637,b10baafc21ef,links_to
508ac62cba60,e751c6101df7,links_to
03827b9845c0,508ac62cba60,links_to
e751c6101df7,df2397e83fa1,links_to
620700ba915b,59a38a167e47,links_to
eeb895572eac,96057181c2ce,links_to
d82cd6ccbb5e,7b875232de76,links_to
dd8ffca97b36,e21d8b0fec73,links_to
e751c6101df7,e21d8b0fec73,links_to
723f18b5c915,0b0b501bf9dd,links_to
8186d6afcd62,ffff9f1665ba,links_to
620700ba915b,eeb895572eac,links_to
3f0e5b6166fa,96057181c2ce,links_to
02677ddcf285,957c1a7eca54,links_to
f8c4c7fc5eef,7b875232de76,links_to
96057181c2ce,aca7bdedc637,links_to
8b59ac1648f1,42d8eb67b19b,links_to
42d8eb67b19b,620700ba915b,links_to
8f13a629c006,c6bce6f80cfd,links_to
59a38a167e47,f97350e081b9,links_to
3f0e5b6166fa,723f18b5c915,links_to
50cdbd9b2500,7830d5834c88,links_to
37d21d0680e0,86317ebe1be9,links_to
37be672eae2b,c04bc80bf955,links_to
e21d8b0fec73,c6bce6f80cfd,links_to
10729a4f35ce,3299c41ede69,links_to
1703daed2e39,e751c6101df7,links_to
f97350e081b9,889e4cb30a72,links_to
37d21d0680e0,ecdb35f0d6dc,links_to
94a3819fe6ce,dd8ffca97b36,links_to
723f18b5c915,c9a02b0e596e,links_to
957c1a7eca54,42d8eb67b19b,links_to
c9a02b0e596e,cab5aa48075d,links_to
1703daed2e39,957c1a7eca54,links_to
37b573feddfa,8f13a629c006,links_to
508ac62cba60,052c8b9e4e05,links_to
37d21d0680e0,50cdbd9b2500,links_to
c9a02b0e596e,8b59ac1648f1,links_to
2c21643360fc,c9a02b0e596e,links_to
0b0b501bf9dd,02677ddcf285,links_to
c6bce6f80cfd,c04bc80bf955,links_to
e21d8b0fec73,37be672eae2b,links_to
eeb895572eac,889e4cb30a72,links_to
cab5aa48075d,1703daed2e39,links_to
846bd160c80f,d2ca69260780,links_to
3f0e5b6166fa,c04bc80bf955,links_to
37d21d0680e0,508ac62cba60,links_to
e751c6101df7,ffff9f1665ba,links_to
723f18b5c915,846bd160c80f,links_to
eeb895572eac,a3f77e75fcc6,links_to
3f0e5b6166fa,03827b9845c0,links_to
96057181c2ce,37d21d0680e0,links_to
96057181c2ce,37b573feddfa,links_to
8186d6afcd62,0b0b501bf9dd,links_to
7830d5834c88,aca7bdedc637,links_to
a3f77e75fcc6,8186d6afcd62,links_to
df2397e83fa1,8186d6afcd62,links_to
508ac62cba60,50cdbd9b2500,links_to
3f0e5b6166fa,d29090e25b37,links_to
508ac62cba60,b10baafc21ef,links_to
c6bce6f80cfd,37be672eae2b,links_to
03827b9845c0,aca7bdedc637,links_to
d2ca69260780,889e4cb30a72,links_to
aca7bdedc637,aca7bdedc637,links_to
94a3819fe6ce,7b875232de76,links_to
2170642291aa,50cdbd9b2500,links_to
2170642291aa,b10baafc21ef,links_to
59a38a167e47,e751c6101df7,links_to
ecdb35f0d6dc,eeb895572eac,links_to
c9a02b0e596e,3f0e5b6166fa,links_to
c04bc80bf955,02677ddcf285,links_to
cab5aa48075d,2c21643360fc,links_to
723f18b5c915,723f18b5c915,links_to
e21d8b0fec73,e21d8b0fec73,links_to
8186d6afcd62,c9a02b0e596e,links_to
c04bc80bf955,f97350e081b9,links_to
889e4cb30a72,2170642291aa,links_to
d2ca69260780,0b0b501bf9dd,links_to
e751c6101df7,889e4cb30a72,links_to
df2397e83fa1,846bd160c80f,links_to
b10baafc21ef,0b0b501bf9dd,links_to
df2397e83fa1,2170642291aa,links_to
59a38a167e47,957c1a7eca54,links_to
7830d5834c88,c6bce6f80cfd,links_to
eeb895572eac,c9a02b0e596e,links_to
c6bce6f80cfd,df2397e83fa1,links_to
3299c41ede69,02677ddcf285,links_to
4808acaae9b3,2c21643360fc,links_to
50cdbd9b2500,1703daed2e39,links_to
3299c41ede69,f97350e081b9,links_to
10729a4f35ce,94a3819fe6ce,links_to
e751c6101df7,02677ddcf285,links_to
c6bce6f80cfd,e21d8b0fec73,links_to
8f13a629c006,0b0b501bf9dd,links_to
dd8ffca97b36,0b0b501bf9dd,links_to
c04bc80bf955,df2397e83fa1,links_to
37b573feddfa,cab5aa48075d,links_to
957c1a7eca54,3f0e5b6166fa,links_to
508ac62cba60,eeb895572eac,links_to
0b0b501bf9dd,dd8ffca97b36,links_to
df2397e83fa1,4808acaae9b3,links_to
7830d5834c88,3299c41ede69,links_to
37be672eae2b,dd8ffca97b36,links_to
c04bc80bf955,e21d8b0fec73,links_to
7830d5834c88,37be672eae2b,links_to
d2ca69260780,c9a02b0e596e,links_to
37b573feddfa,8b59ac1648f1,links_to
03827b9845c0,3299c41ede69,links_to
59a38a167e47,7830d5834c88,links_to
723f18b5c915,03827b9845c0,links_to
aca7bdedc637,3299c41ede69,links_to
2170642291aa,eeb895572eac,links_to
ffff9f1665ba,052c8b9e4e05,links_to
889e4cb30a72,10729a4f35ce,links_to
4808acaae9b3,7b875232de76,links_to
df2397e83fa1,10729a4f35ce,links_to
37be672eae2b,ffff9f1665ba,links_to
723f18b5c915,d29090e25b37,links_to
2c21643360fc,59a38a167e47,links_to
37d21d0680e0,8186d6afcd62,links_to
a99d1fde16b3,f8c4c7fc5eef,links_to
03827b9845c0,f97350e081b9,links_to
96057181c2ce,dd8ffca97b36,links_to
8f13a629c006,c9a02b0e596e,links_to
dd8ffca97b36,c9a02b0e596e,links_to
f97350e081b9,2c21643360fc,links_to
c04bc80bf955,2170642291aa,links_to
c6bce6f80cfd,dd8ffca97b36,links_to
42d8eb67b19b,0b0b501bf9dd,links_to
2c21643360fc,eeb895572eac,links_to
8186d6afcd62,723f18b5c915,links_to
b10baafc21ef,846bd160c80f,links_to
508ac62cba60,aca7bdedc637,links_to
96057181c2ce,8f13a629c006,links_to
ffff9f1665ba,b10baafc21ef,links_to
02677ddcf285,8b59ac1648f1,links_to
7830d5834c88,df2397e83fa1,links_to
c04bc80bf955,e751c6101df7,links_to
f8c4c7fc5eef,3f0e5b6166fa,links_to
846bd160c80f,c04bc80bf955,links_to
d82cd6ccbb5e,1703daed2e39,links_to
8b59ac1648f1,620700ba915b,links_to
03827b9845c0,df2397e83fa1,links_to
3299c41ede69,2170642291aa,links_to
7830d5834c88,e21d8b0fec73,links_to
c6bce6f80cfd,ffff9f1665ba,links_to
2170642291aa,aca7bdedc637,links_to
df2397e83fa1,03827b9845c0,links_to
b10baafc21ef,96057181c2ce,links_to
dd8ffca97b36,846bd160c80f,links_to
f8c4c7fc5eef,37b573feddfa,links_to
0b0b501bf9dd,7b875232de76,links_to
c04bc80bf955,957c1a7eca54,links_to
03827b9845c0,e21d8b0fec73,links_to
df2397e83fa1,a3f77e75fcc6,links_to
3299c41ede69,e751c6101df7,links_to
37be672eae2b,889e4cb30a72,links_to
42d8eb67b19b,c9a02b0e596e,links_to
e21d8b0fec73,052c8b9e4e05,links_to
3299c41ede69,96057181c2ce,links_to
889e4cb30a72,b10baafc21ef,links_to
b10baafc21ef,723f18b5c915,links_to
f97350e081b9,37d21d0680e0,links_to
e751c6101df7,96057181c2ce,links_to
ecdb35f0d6dc,8f13a629c006,links_to
3299c41ede69,957c1a7eca54,links_to
50cdbd9b2500,37d21d0680e0,links_to
a99d1fde16b3,ecdb35f0d6dc,links_to
50cdbd9b2500,37b573feddfa,links_to
957c1a7eca54,f8c4c7fc5eef,links_to
846bd160c80f,e751c6101df7,links_to
eeb895572eac,59a38a167e47,links_to
cab5aa48075d,d2ca69260780,links_to
02677ddcf285,3f0e5b6166fa,links_to
a3f77e75fcc6,d2ca69260780,links_to
ecdb35f0d6dc,86317ebe1be9,links_to
37be672eae2b,0b0b501bf9dd,links_to
7830d5834c88,dd8ffca97b36,links_to
d29090e25b37,3f0e5b6166fa,links_to
e751c6101df7,723f18b5c915,links_to
dd8ffca97b36,723f18b5c915,links_to
3299c41ede69,10729a4f35ce,links_to
eeb895572eac,eeb895572eac,links_to
c6bce6f80cfd,889e4cb30a72,links_to
846bd160c80f,957c1a7eca54,links_to
4808acaae9b3,42d8eb67b19b,links_to
7830d5834c88,94a3819fe6ce,links_to
a99d1fde16b3,50cdbd9b2500,links_to
02677ddcf285,37d21d0680e0,links_to
eeb895572eac,37b573feddfa,links_to
8b59ac1648f1,86317ebe1be9,links_to
508ac62cba60,3299c41ede69,links_to
a99d1fde16b3,b10baafc21ef,links_to
3f0e5b6166fa,eeb895572eac,links_to
c04bc80bf955,889e4cb30a72,links_to
aca7bdedc637,94a3819fe6ce,links_to
d2ca69260780,59a38a167e47,links_to
7830d5834c88,ffff9f1665ba,links_to
03827b9845c0,957c1a7eca54,links_to
2170642291aa,3299c41ede69,links_to
10729a4f35ce,59a38a167e47,links_to
b10baafc21ef,03827b9845c0,links_to
d82cd6ccbb5e,620700ba915b,links_to
c6bce6f80cfd,0b0b501bf9dd,links_to
ecdb35f0d6dc,7b875232de76,links_to
d82cd6ccbb5e,4808acaae9b3,links_to
37be672eae2b,c9a02b0e596e,links_to
7b875232de76,620700ba915b,links_to
96057181c2ce,cab5aa48075d,links_to
957c1a7eca54,86317ebe1be9,links_to
f8c4c7fc5eef,620700ba915b,links_to
b10baafc21ef,d29090e25b37,links_to
c04bc80bf955,0b0b501bf9dd,links_to
42d8eb67b19b,f97350e081b9,links_to
f8c4c7fc5eef,f8c4c7fc5eef,links_to
d29090e25b37,c04bc80bf955,links_to
10729a4f35ce,1703daed2e39,links_to
ffff9f1665ba,aca7bdedc637,links_to
1703daed2e39,37d21d0680e0,links_to
957c1a7eca54,ecdb35f0d6dc,links_to
3299c41ede69,a3f77e75fcc6,links_to
dd8ffca97b36,03827b9845c0,links_to
f97350e081b9,42d8eb67b19b,links_to
d82cd6ccbb5e,10729a4f35ce,links_to
94a3819fe6ce,37b573feddfa,links_to
a3f77e75fcc6,052c8b9e4e05,links_to
7b875232de76,10729a4f35ce,links_to
2c21643360fc,8f13a629c006,links_to
e751c6101df7,d29090e25b37,links_to
50cdbd9b2500,d2ca69260780,links_to
dd8ffca97b36,d29090e25b37,links_to
d29090e25b37,d29090e25b37,links_to
50cdbd9b2500,f8c4c7fc5eef,links_to
7830d5834c88,889e4cb30a72,links_to
d29090e25b37,37be672eae2b,links_to
8186d6afcd62,7830d5834c88,links_to
e21d8b0fec73,846bd160c80f,links_to
d2ca69260780,957c1a7eca54,links_to
2c21643360fc,d82cd6ccbb5e,links_to
c04bc80bf955,c9a02b0e596e,links_to
889e4cb30a72,aca7bdedc637,links_to
a3f77e75fcc6,50cdbd9b2500,links_to
df2397e83fa1,50cdbd9b2500,links_to
a3f77e75fcc6,b10baafc21ef,links_to
02677ddcf285,f8c4c7fc5eef,links_to
c9a02b0e596e,052c8b9e4e05,links_to
f97350e081b9,94a3819fe6ce,links_to
e21d8b0fec73,96057181c2ce,links_to
f8c4c7fc5eef,86317ebe1be9,links_to
10729a4f35ce,2c21643360fc,links_to
723f18b5c915,eeb895572eac,links_to
d82cd6ccbb5e,a3f77e75fcc6,links_to
052c8b9e4e05,846bd160c80f,links_to
03827b9845c0,b10baafc21ef,links_to
eeb895572eac,dd8ffca97b36,links_to
37d21d0680e0,c9a02b0e596e,links_to
d2ca69260780,7830d5834c88,links_to
a99d1fde16b3,aca7bdedc637,links_to
d29090e25b37,df2397e83fa1,links_to
e21d8b0fec73,723f18b5c915,links_to
508ac62cba60,94a3819fe6ce,links_to
ffff9f1665ba,3299c41ede69,links_to
59a38a167e47,37d21d0680e0,links_to
d29090e25b37,e21d8b0fec73,links_to
cab5aa48075d,cab5aa48075d,links_to
42d8eb67b19b,e751c6101df7,links_to
10729a4f35ce,7b875232de76,links_to
37b573feddfa,d2ca69260780,links_to
eeb895572eac,8f13a629c006,links_to
50cdbd9b2500,ecdb35f0d6dc,links_to
2170642291aa,94a3819fe6ce,links_to
f8c4c7fc5eef,508ac62cba60,links_to
8f13a629c006,7830d5834c88,links_to
3f0e5b6166fa,8f13a629c006,links_to
02677ddcf285,86317ebe1be9,links_to
42d8eb67b19b,957c1a7eca54,links_to
052c8b9e4e05,3f0e5b6166fa,links_to
df2397e83fa1,eeb895572eac,links_to
723f18b5c915,8b59ac1648f1,links_to
3f0e5b6166fa,86317ebe1be9,links_to
50cdbd9b2500,50cdbd9b2500,links_to
37be672eae2b,59a38a167e47,links_to
889e4cb30a72,3299c41ede69,links_to
50cdbd9b2500,b10baafc21ef,links_to
50cdbd9b2500,508ac62cba60,links_to
1703daed2e39,94a3819fe6ce,links_to
e21d8b0fec73,03827b9845c0,links_to
508ac62cba60,7830d5834c88,links_to
0b0b501bf9dd,37b573feddfa,links_to
2c21643360fc,8b59ac1648f1,links_to
37be672eae2b,37b573feddfa,links_to
94a3819fe6ce,8f13a629c006,links_to
e21d8b0fec73,d29090e25b37,links_to
37d21d0680e0,b10baafc21ef,links_to
10729a4f35ce,d82cd6ccbb5e,links_to
2170642291aa,7830d5834c88,links_to
a99d1fde16b3,3299c41ede69,links_to
3f0e5b6166fa,7b875232de76,links_to
052c8b9e4e05,c04bc80bf955,links_to
37b573feddfa,052c8b9e4e05,links_to
957c1a7eca54,8186d6afcd62,links_to
c9a02b0e596e,846bd160c80f,links_to
d29090e25b37,ffff9f1665ba,links_to
052c8b9e4e05,03827b9845c0,links_to
8b59ac1648f1,846bd160c80f,links_to
4808acaae9b3,620700ba915b,links_to
c04bc80bf955,59a38a167e47,links_to
8f13a629c006,d82cd6ccbb5e,links_to
4808acaae9b3,f8c4c7fc5eef,links_to
c6bce6f80cfd,37b573feddfa,links_to
59a38a167e47,f8c4c7fc5eef,links_to
052c8b9e4e05,d29090e25b37,links_to
1703daed2e39,7830d5834c88,links_to
c9a02b0e596e,96057181c2ce,links_to
7830d5834c88,2c21643360fc,links_to
c04bc80bf955,37b573feddfa,links_to
b10baafc21ef,eeb895572eac,links_to
10729a4f35ce,42d8eb67b19b,links_to
eeb895572eac,cab5aa48075d,links_to
8186d6afcd62,8b59ac1648f1,links_to
03827b9845c0,2c21643360fc,links_to
ffff9f1665ba,94a3819fe6ce,links_to
957c1a7eca54,846bd160c80f,links_to
94a3819fe6ce,508ac62cba60,links_to
cab5aa48075d,c6bce6f80cfd,links_to
aca7bdedc637,2c21643360fc,links_to
7b875232de76,aca7bdedc637,links_to
37d21d0680e0,59a38a167e47,links_to
c9a02b0e596e,723f18b5c915,links_to
f8c4c7fc5eef,aca7bdedc637,links_to
8b59ac1648f1,f97350e081b9,links_to
3299c41ede69,37d21d0680e0,links_to
dd8ffca97b36,eeb895572eac,links_to
37d21d0680e0,eeb895572eac,links_to
f97350e081b9,620700ba915b,links_to
4808acaae9b3,86317ebe1be9,links_to
df2397e83fa1,dd8ffca97b36,links_to
889e4cb30a72,94a3819fe6ce,links_to
aca7bdedc637,7b875232de76,links_to
8186d6afcd62,620700ba915b,links_to
d2ca69260780,8b59ac1648f1,links_to
8186d6afcd62,4808acaae9b3,links_to
d29090e25b37,0b0b501bf9dd,links_to
59a38a167e47,ecdb35f0d6dc,links_to
b10baafc21ef,8b59ac1648f1,links_to
94a3819fe6ce,cab5aa48075d,links_to
50cdbd9b2500,8186d6afcd62,links_to
96057181c2ce,d2ca69260780,links_to
ffff9f1665ba,7830d5834c88,links_to
508ac62cba60,1703daed2e39,links_to
03827b9845c0,37d21d0680e0,links_to
8b59ac1648f1,c04bc80bf955,links_to
c9a02b0e596e,03827b9845c0,links_to
8b59ac1648f1,03827b9845c0,links_to
2c21643360fc,37be672eae2b,links_to
8f13a629c006,8b59ac1648f1,links_to
c9a02b0e596e,a3f77e75fcc6,links_to
0b0b501bf9dd,8f13a629c006,links_to
ecdb35f0d6dc,2170642291aa,links_to
dd8ffca97b36,8b59ac1648f1,links_to
a99d1fde16b3,94a3819fe6ce,links_to
d82cd6ccbb5e,3299c41ede69,links_to
02677ddcf285,8186d6afcd62,links_to
c9a02b0e596e,d29090e25b37,links_to
2170642291aa,1703daed2e39,links_to
f97350e081b9,c6bce6f80cfd,links_to
d82cd6ccbb5e,37be672eae2b,links_to
7b875232de76,3299c41ede69,links_to
50cdbd9b2500,c6bce6f80cfd,links_to
f97350e081b9,86317ebe1be9,links_to
d82cd6ccbb5e,02677ddcf285,links_to
f8c4c7fc5eef,3299c41ede69,links_to
37b573feddfa,e751c6101df7,links_to
889e4cb30a72,7830d5834c88,links_to
d82cd6ccbb5e,f97350e081b9,links_to
37b573feddfa,96057181c2ce,links_to
03827b9845c0,d82cd6ccbb5e,links_to
d2ca69260780,3f0e5b6166fa,links_to
957c1a7eca54,03827b9845c0,links_to
7b875232de76,f97350e081b9,links_to
8b59ac1648f1,e751c6101df7,links_to
c04bc80bf955,dd8ffca97b36,links_to
052c8b9e4e05,50cdbd9b2500,links_to
1703daed2e39,1703daed2e39,links_to
10729a4f35ce,3f0e5b6166fa,links_to
f8c4c7fc5eef,f97350e081b9,links_to
37b573feddfa,957c1a7eca54,links_to
508ac62cba60,2c21643360fc,links_to
df2397e83fa1,889e4cb30a72,links_to
02677ddcf285,846bd160c80f,links_to
8f13a629c006,4808acaae9b3,links_to
957c1a7eca54,d29090e25b37,links_to
052c8b9e4e05,ffff9f1665ba,links_to
96057181c2ce,052c8b9e4e05,links_to
42d8eb67b19b,8b59ac1648f1,links_to
1703daed2e39,8186d6afcd62,links_to
c04bc80bf955,8f13a629c006,links_to
8f13a629c006,3f0e5b6166fa,links_to
d82cd6ccbb5e,df2397e83fa1,links_to
7830d5834c88,42d8eb67b19b,links_to
0b0b501bf9dd,508ac62cba60,links_to
37b573feddfa,10729a4f35ce,links_to
3299c41ede69,dd8ffca97b36,links_to
620700ba915b,cab5aa48075d,links_to
d82cd6ccbb5e,e21d8b0fec73,links_to
03827b9845c0,42d8eb67b19b,links_to
f8c4c7fc5eef,df2397e83fa1,links_to
eeb895572eac,37be672eae2b,links_to
d29090e25b37,96057181c2ce,links_to
508ac62cba60,4808acaae9b3,links_to
f8c4c7fc5eef,e21d8b0fec73,links_to
3299c41ede69,8f13a629c006,links_to
02677ddcf285,4808acaae9b3,links_to
96057181c2ce,b10baafc21ef,links_to
94a3819fe6ce,c6bce6f80cfd,links_to
a3f77e75fcc6,94a3819fe6ce,links_to
e751c6101df7,8f13a629c006,links_to
ecdb35f0d6dc,052c8b9e4e05,links_to
2170642291aa,4808acaae9b3,links_to
d82cd6ccbb5e,2170642291aa,links_to
d29090e25b37,723f18b5c915,links_to
0b0b501bf9dd,cab5aa48075d,links_to
e751c6101df7,86317ebe1be9,links_to
37be672eae2b,cab5aa48075d,links_to
37d21d0680e0,d82cd6ccbb5e,links_to
ffff9f1665ba,1703daed2e39,links_to
cab5aa48075d,c9a02b0e596e,links_to
c04bc80bf955,508ac62cba60,links_to
03827b9845c0,94a3819fe6ce,links_to
a3f77e75fcc6,c9a02b0e596e,links_to
d82cd6ccbb5e,dd8ffca97b36,links_to
59a38a167e47,1703daed2e39,links_to
37be672eae2b,8b59ac1648f1,links_to
eeb895572eac,df2397e83fa1,links_to
94a3819fe6ce,37be672eae2b,links_to
7b875232de76,e751c6101df7,links_to
1703daed2e39,4808acaae9b3,links_to
ecdb35f0d6dc,b10baafc21ef,links_to
59a38a167e47,8186d6afcd62,links_to
620700ba915b,3f0e5b6166fa,links_to
3299c41ede69,7b875232de76,links_to
508ac62cba60,d82cd6ccbb5e,links_to
8b59ac1648f1,50cdbd9b2500,links_to
e751c6101df7,7b875232de76,links_to
8b59ac1648f1,b10baafc21ef,links_to
c6bce6f80cfd,cab5aa48075d,links_to
10729a4f35ce,f8c4c7fc5eef,links_to
7b875232de76,957c1a7eca54,links_to
d29090e25b37,7b875232de76,links_to
846bd160c80f,7830d5834c88,links_to
889e4cb30a72,1703daed2e39,links_to
02677ddcf285,03827b9845c0,links_to
f8c4c7fc5eef,957c1a7eca54,links_to
c04bc80bf955,cab5aa48075d,links_to
c6bce6f80cfd,8b59ac1648f1,links_to
2170642291aa,d82cd6ccbb5e,links_to
f97350e081b9,d2ca69260780,links_to
8f13a629c006,f8c4c7fc5eef,links_to
ffff9f1665ba,2c21643360fc,links_to
eeb895572eac,2170642291aa,links_to
7830d5834c88,508ac62cba60,links_to
957c1a7eca54,50cdbd9b2500,links_to
a99d1fde16b3,eeb895572eac,links_to
3f0e5b6166fa,2170642291aa,links_to
957c1a7eca54,b10baafc21ef,links_to
620700ba915b,c04bc80bf955,links_to
508ac62cba60,42d8eb67b19b,links_to
2c21643360fc,052c8b9e4e05,links_to
cab5aa48075d,02677ddcf285,links_to
a99d1fde16b3,1703daed2e39,links_to
aca7bdedc637,3f0e5b6166fa,links_to
508ac62cba60,d2ca69260780,links_to
7b875232de76,7830d5834c88,links_to
50cdbd9b2500,c9a02b0e596e,links_to
d82cd6ccbb5e,889e4cb30a72,links_to
c6bce6f80cfd,620700ba915b,links_to
2c21643360fc,a3f77e75fcc6,links_to
889e4cb30a72,2c21643360fc,links_to
620700ba915b,d29090e25b37,links_to
d2ca69260780,ecdb35f0d6dc,links_to
37d21d0680e0,8b59ac1648f1,links_to
59a38a167e47,4808acaae9b3,links_to
620700ba915b,37be672eae2b,links_to
42d8eb67b19b,f8c4c7fc5eef,links_to
10729a4f35ce,ecdb35f0d6dc,links_to
4808acaae9b3,f97350e081b9,links_to
0b0b501bf9dd,c6bce6f80cfd,links_to
37be672eae2b,c6bce6f80cfd,links_to
ffff9f1665ba,37d21d0680e0,links_to
d82cd6ccbb5e,0b0b501bf9dd,links_to
c9a02b0e596e,02677ddcf285,links_to
3f0e5b6166fa,10729a4f35ce,links_to
e21d8b0fec73,86317ebe1be9,links_to
8f13a629c006,ecdb35f0d6dc,links_to
1703daed2e39,d2ca69260780,links_to
a99d1fde16b3,2c21643360fc,links_to
f8c4c7fc5eef,b10baafc21ef,links_to
957c1a7eca54,eeb895572eac,links_to
ecdb35f0d6dc,aca7bdedc637,links_to
a3f77e75fcc6,59a38a167e47,links_to
df2397e83fa1,59a38a167e47,links_to
96057181c2ce,c6bce6f80cfd,links_to
0b0b501bf9dd,37be672eae2b,links_to
c6bce6f80cfd,c6bce6f80cfd,links_to
37be672eae2b,37be672eae2b,links_to
eeb895572eac,052c8b9e4e05,links_to
8b59ac1648f1,aca7bdedc637,links_to
889e4cb30a72,37d21d0680e0,links_to
ffff9f1665ba,d82cd6ccbb5e,links_to
508ac62cba60,ecdb35f0d6dc,links_to
df2397e83fa1,37b573feddfa,links_to
e21d8b0fec73,7b875232de76,links_to
a3f77e75fcc6,1703daed2e39,links_to
846bd160c80f,1703daed2e39,links_to
620700ba915b,e21d8b0fec73,links_to
7830d5834c88,620700ba915b,links_to
723f18b5c915,2170642291aa,links_to
3f0e5b6166fa,a3f77e75fcc6,links_to
59a38a167e47,a3f77e75fcc6,links_to
8186d6afcd62,f97350e081b9,links_to
02677ddcf285,50cdbd9b2500,links_to
4808acaae9b3,2170642291aa,links_to
aca7bdedc637,f8c4c7fc5eef,links_to
02677ddcf285,b10baafc21ef,links_to
eeb895572eac,b10baafc21ef,links_to
508ac62cba60,3f0e5b6166fa,links_to
2c21643360fc,846bd160c80f,links_to
a99d1fde16b3,37d21d0680e0,links_to
0b0b501bf9dd,df2397e83fa1,links_to
052c8b9e4e05,7b875232de76,links_to
cab5aa48075d,957c1a7eca54,links_to
ffff9f1665ba,42d8eb67b19b,links_to
c04bc80bf955,37be672eae2b,links_to
4808acaae9b3,e751c6101df7,links_to
94a3819fe6ce,052c8b9e4e05,links_to
723f18b5c915,4808acaae9b3,links_to
0b0b501bf9dd,e21d8b0fec73,links_to
ffff9f1665ba,d2ca69260780,links_to
7b875232de76,1703daed2e39,links_to
1703daed2e39,ecdb35f0d6dc,links_to
37be672eae2b,e21d8b0fec73,links_to
8186d6afcd62,8186d6afcd62,links_to
59a38a167e47,d2ca69260780,links_to
2c21643360fc,96057181c2ce,links_to
50cdbd9b2500,59a38a167e47,links_to
a3f77e75fcc6,2c21643360fc,links_to
ecdb35f0d6dc,3299c41ede69,links_to
4808acaae9b3,957c1a7eca54,links_to
c9a02b0e596e,dd8ffca97b36,links_to
723f18b5c915,10729a4f35ce,links_to
620700ba915b,50cdbd9b2500,links_to
7830d5834c88,86317ebe1be9,links_to
a99d1fde16b3,d82cd6ccbb5e,links_to
1703daed2e39,50cdbd9b2500,links_to
50cdbd9b2500,eeb895572eac,links_to
8b59ac1648f1,3299c41ede69,links_to
37b573feddfa,02677ddcf285,links_to
889e4cb30a72,42d8eb67b19b,links_to
2c21643360fc,723f18b5c915,links_to
508ac62cba60,c04bc80bf955,links_to
620700ba915b,ffff9f1665ba,links_to
cab5aa48075d,7830d5834c88,links_to
889e4cb30a72,d2ca69260780,links_to
a3f77e75fcc6,7830d5834c88,links_to
d82cd6ccbb5e,2c21643360fc,links_to
8186d6afcd62,2170642291aa,links_to
02677ddcf285,eeb895572eac,links_to
f97350e081b9,e751c6101df7,links_to
2170642291aa,c04bc80bf955,links_to
846bd160c80f,4808acaae9b3,links_to
aca7bdedc637,ecdb35f0d6dc,links_to
d2ca69260780,8186d6afcd62,links_to
3299c41ede69,37b573feddfa,links_to
7b875232de76,2c21643360fc,links_to
846bd160c80f,3f0e5b6166fa,links_to
f8c4c7fc5eef,2c21643360fc,links_to
ecdb35f0d6dc,df2397e83fa1,links_to
a99d1fde16b3,42d8eb67b19b,links_to
f97350e081b9,957c1a7eca54,links_to
8186d6afcd62,e751c6101df7,links_to
aca7bdedc637,50cdbd9b2500,links_to
723f18b5c915,a3f77e75fcc6,links_to
a99d1fde16b3,d2ca69260780,links_to
ffff9f1665ba,ecdb35f0d6dc,links_to
ecdb35f0d6dc,e21d8b0fec73,links_to
2c21643360fc,c04bc80bf955,links_to
8f13a629c006,8186d6afcd62,links_to
1703daed2e39,c04bc80bf955,links_to
2c21643360fc,03827b9845c0,links_to
c9a02b0e596e,7b875232de76,links_to
d2ca69260780,846bd160c80f,links_to
7b875232de76,4808acaae9b3,links_to
b10baafc21ef,2170642291aa,links_to
eeb895572eac,aca7bdedc637,links_to
2c21643360fc,d29090e25b37,links_to
10729a4f35ce,846bd160c80f,links_to
8186d6afcd62,10729a4f35ce,links_to
59a38a167e47,50cdbd9b2500,links_to
ffff9f1665ba,3f0e5b6166fa,links_to
4808acaae9b3,b10baafc21ef,links_to
eeb895572eac,723f18b5c915,links_to
d82cd6ccbb5e,37d21d0680e0,links_to
d82cd6ccbb5e,37b573feddfa,links_to
3f0e5b6166fa,aca7bdedc637,links_to
508ac62cba60,df2397e83fa1,links_to
a3f77e75fcc6,d82cd6ccbb5e,links_to
889e4cb30a72,ecdb35f0d6dc,links_to
620700ba915b,02677ddcf285,links_to
7b875232de76,37d21d0680e0,links_to
8f13a629c006,846bd160c80f,links_to
508ac62cba60,e21d8b0fec73,links_to
f8c4c7fc5eef,37d21d0680e0,links_to
dd8ffca97b36,2170642291aa,links_to
e751c6101df7,2170642291aa,links_to
0b0b501bf9dd,052c8b9e4e05,links_to
37b573feddfa,dd8ffca97b36,links_to
2170642291aa,df2397e83fa1,links_to
42d8eb67b19b,8186d6afcd62,links_to
b10baafc21ef,4808acaae9b3,links_to
ecdb35f0d6dc,94a3819fe6ce,links_to
94a3819fe6ce,96057181c2ce,links_to
3299c41ede69,d2ca69260780,links_to
2170642291aa,e21d8b0fec73,links_to
889e4cb30a72,508ac62cba60,links_to
eeb895572eac,c6bce6f80cfd,links_to
8186d6afcd62,889e4cb30a72,links_to
8b59ac1648f1,94a3819fe6ce,links_to
10729a4f35ce,723f18b5c915,links_to
d2ca69260780,10729a4f35ce,links_to
df2397e83fa1,508ac62cba60,links_to
ecdb35f0d6dc,ffff9f1665ba,links_to
b10baafc21ef,10729a4f35ce,links_to
a3f77e75fcc6,42d8eb67b19b,links_to
dd8ffca97b36,4808acaae9b3,links_to
94a3819fe6ce,723f18b5c915,links_to
8186d6afcd62,a3f77e75fcc6,links_to
f8c4c7fc5eef,d82cd6ccbb5e,links_to
37be672eae2b,02677ddcf285,links_to
94a3819fe6ce,2c21643360fc,links_to
846bd160c80f,f8c4c7fc5eef,links_to
42d8eb67b19b,846bd160c80f,links_to
eeb895572eac,d29090e25b37,links_to
dd8ffca97b36,10729a4f35ce,links_to
e751c6101df7,10729a4f35ce,links_to
c04bc80bf955,052c8b9e4e05,links_to
a99d1fde16b3,3f0e5b6166fa,links_to
957c1a7eca54,94a3819fe6ce,links_to
03827b9845c0,d2ca69260780,links_to
3f0e5b6166fa,3299c41ede69,links_to
b10baafc21ef,052c8b9e4e05,links_to
d2ca69260780,03827b9845c0,links_to
508ac62cba60,ffff9f1665ba,links_to
df2397e83fa1,cab5aa48075d,links_to
7b875232de76,42d8eb67b19b,links_to
c6bce6f80cfd,02677ddcf285,links_to
37b573feddfa,7b875232de76,links_to
d29090e25b37,8f13a629c006,links_to
f8c4c7fc5eef,42d8eb67b19b,links_to
d2ca69260780,a3f77e75fcc6,links_to
10729a4f35ce,03827b9845c0,links_to
8b59ac1648f1,7830d5834c88,links_to
c6bce6f80cfd,f97350e081b9,links_to
b10baafc21ef,a3f77e75fcc6,links_to
cab5aa48075d,8b59ac1648f1,links_to
42d8eb67b19b,4808acaae9b3,links_to
3299c41ede69,052c8b9e4e05,links_to
d2ca69260780,d29090e25b37,links_to
ffff9f1665ba,620700ba915b,links_to
7b875232de76,f8c4c7fc5eef,links_to
ffff9f1665ba,f8c4c7fc5eef,links_to
2170642291aa,ffff9f1665ba,links_to
e751c6101df7,052c8b9e4e05,links_to
c04bc80bf955,b10baafc21ef,links_to
37d21d0680e0,052c8b9e4e05,links_to
3299c41ede69,ecdb35f0d6dc,links_to
10729a4f35ce,d29090e25b37,links_to
d29090e25b37,d82cd6ccbb5e,links_to
620700ba915b,96057181c2ce,links_to
8f13a629c006,03827b9845c0,links_to
4808acaae9b3,aca7bdedc637,links_to
50cdbd9b2500,42d8eb67b19b,links_to
dd8ffca97b36,a3f77e75fcc6,links_to
846bd160c80f,ecdb35f0d6dc,links_to
3299c41ede69,50cdbd9b2500,links_to
3f0e5b6166fa,df2397e83fa1,links_to
37be672eae2b,846bd160c80f,links_to
2c21643360fc,ffff9f1665ba,links_to
3299c41ede69,b10baafc21ef,links_to
eeb895572eac,e21d8b0fec73,links_to
620700ba915b,723f18b5c915,links_to
d82cd6ccbb5e,8f13a629c006,links_to
02677ddcf285,7b875232de76,links_to
f8c4c7fc5eef,94a3819fe6ce,links_to
889e4cb30a72,620700ba915b,links_to
3299c41ede69,508ac62cba60,links_to
aca7bdedc637,846bd160c80f,links_to
3f0e5b6166fa,e21d8b0fec73,links_to
508ac62cba60,889e4cb30a72,links_to
cab5aa48075d,4808acaae9b3,links_to
846bd160c80f,50cdbd9b2500,links_to
cab5aa48075d,3f0e5b6166fa,links_to
0b0b501bf9dd,96057181c2ce,links_to
42d8eb67b19b,c04bc80bf955,links_to
37be672eae2b,96057181c2ce,links_to
a3f77e75fcc6,3f0e5b6166fa,links_to
846bd160c80f,508ac62cba60,links_to
2170642291aa,889e4cb30a72,links_to
42d8eb67b19b,03827b9845c0,links_to
cab5aa48075d,37d21d0680e0,links_to
cab5aa48075d,37b573feddfa,links_to
f97350e081b9,aca7bdedc637,links_to
7830d5834c88,f97350e081b9,links_to
7b875232de76,ecdb35f0d6dc,links_to
508ac62cba60,0b0b501bf9dd,links_to
42d8eb67b19b,a3f77e75fcc6,links_to
e21d8b0fec73,f8c4c7fc5eef,links_to
a99d1fde16b3,620700ba915b,links_to
0b0b501bf9dd,723f18b5c915,links_to
620700ba915b,7b875232de76,links_to
37be672eae2b,723f18b5c915,links_to
aca7bdedc637,723f18b5c915,links_to
4808acaae9b3,37d21d0680e0,links_to
2170642291aa,0b0b501bf9dd,links_to
c6bce6f80cfd,e751c6101df7,links_to
3f0e5b6166fa,dd8ffca97b36,links_to
1703daed2e39,889e4cb30a72,links_to
c6bce6f80cfd,96057181c2ce,links_to
10729a4f35ce,7830d5834c88,links_to
4808acaae9b3,3299c41ede69,links_to
a99d1fde16b3,8186d6afcd62,links_to
3f0e5b6166fa,94a3819fe6ce,links_to
df2397e83fa1,c6bce6f80cfd,links_to
96057181c2ce,957c1a7eca54,links_to
7b875232de76,508ac62cba60,links_to
a3f77e75fcc6,c04bc80bf955,links_to
c6bce6f80cfd,957c1a7eca54,links_to
c04bc80bf955,96057181c2ce,links_to
eeb895572eac,ffff9f1665ba,links_to
8b59ac1648f1,eeb895572eac,links_to
c9a02b0e596e,37b573feddfa,links_to
508ac62cba60,c9a02b0e596e,links_to
3f0e5b6166fa,ffff9f1665ba,links_to
37d21d0680e0,846bd160c80f,links_to
8b59ac1648f1,1703daed2e39,links_to
1703daed2e39,0b0b501bf9dd,links_to
d2ca69260780,50cdbd9b2500,links_to
03827b9845c0,c04bc80bf955,links_to
c04bc80bf955,723f18b5c915,links_to
2170642291aa,c9a02b0e596e,links_to
b10baafc21ef,aca7bdedc637,links_to
50cdbd9b2500,3f0e5b6166fa,links_to
df2397e83fa1,37be672eae2b,links_to
d82cd6ccbb5e,cab5aa48075d,links_to
94a3819fe6ce,94a3819fe6ce,links_to
aca7bdedc637,03827b9845c0,links_to
37d21d0680e0,96057181c2ce,links_to
96057181c2ce,7830d5834c88,links_to
0b0b501bf9dd,d29090e25b37,links_to
3299c41ede69,aca7bdedc637,links_to
508ac62cba60,846bd160c80f,links_to
052c8b9e4e05,8f13a629c006,links_to
96057181c2ce,7b875232de76,links_to
d82cd6ccbb5e,8b59ac1648f1,links_to
957c1a7eca54,1703daed2e39,links_to
e751c6101df7,aca7bdedc637,links_to
cab5aa48075d,f8c4c7fc5eef,links_to
ecdb35f0d6dc,2c21643360fc,links_to
1703daed2e39,c9a02b0e596e,links_to
a3f77e75fcc6,f8c4c7fc5eef,links_to
7830d5834c88,e751c6101df7,links_to
37d21d0680e0,723f18b5c915,links_to
052c8b9e4e05,d82cd6ccbb5e,links_to
e21d8b0fec73,b10baafc21ef,links_to
c04bc80bf955,c6bce6f80cfd,links_to
c9a02b0e596e,2170642291aa,links_to
3f0e5b6166fa,889e4cb30a72,links_to
e21d8b0fec73,508ac62cba60,links_to
03827b9845c0,e751c6101df7,links_to
7830d5834c88,957c1a7eca54,links_to
df2397e83fa1,df2397e83fa1,links_to
846bd160c80f,8186d6afcd62,links_to
723f18b5c915,dd8ffca97b36,links_to
ffff9f1665ba,0b0b501bf9dd,links_to
df2397e83fa1,e21d8b0fec73,links_to
3299c41ede69,c6bce6f80cfd,links_to
d2ca69260780,eeb895572eac,links_to
59a38a167e47,0b0b501bf9dd,links_to
42d8eb67b19b,50cdbd9b2500,links_to
10729a4f35ce,eeb895572eac,links_to
37b573feddfa,3f0e5b6166fa,links_to
8b59ac1648f1,4808acaae9b3,links_to
b10baafc21ef,3299c41ede69,links_to
8f13a629c006,59a38a167e47,links_to
37d21d0680e0,c04bc80bf955,links_to
4808acaae9b3,94a3819fe6ce,links_to
2170642291aa,723f18b5c915,links_to
cab5aa48075d,86317ebe1be9,links_to
37d21d0680e0,03827b9845c0,links_to
37b573feddfa,37d21d0680e0,links_to
37b573feddfa,37b573feddfa,links_to
8f13a629c006,eeb895572eac,links_to
7b875232de76,8186d6afcd62,links_to
c9a02b0e596e,10729a4f35ce,links_to
cab5aa48075d,ecdb35f0d6dc,links_to
3299c41ede69,3299c41ede69,links_to
889e4cb30a72,0b0b501bf9dd,links_to
8b59ac1648f1,37d21d0680e0,links_to
37d21d0680e0,d29090e25b37,links_to
ffff9f1665ba,c9a02b0e596e,links_to
e751c6101df7,3299c41ede69,links_to
59a38a167e47,c9a02b0e596e,links_to
508ac62cba60,59a38a167e47,links_to
957c1a7eca54,4808acaae9b3,links_to
c9a02b0e596e,8f13a629c006,links_to
d82cd6ccbb5e,c6bce6f80cfd,links_to
cab5aa48075d,50cdbd9b2500,links_to
ecdb35f0d6dc,d82cd6ccbb5e,links_to
cab5aa48075d,508ac62cba60,links_to
b10baafc21ef,df2397e83fa1,links_to
508ac62cba60,d29090e25b37,links_to
0b0b501bf9dd,94a3819fe6ce,links_to
df2397e83fa1,ffff9f1665ba,links_to
8b59ac1648f1,d82cd6ccbb5e,links_to
723f18b5c915,889e4cb30a72,links_to
889e4cb30a72,c9a02b0e596e,links_to
42d8eb67b19b,eeb895572eac,links_to
8186d6afcd62,dd8ffca97b36,links_to
4808acaae9b3,508ac62cba60,links_to
2170642291aa,d29090e25b37,links_to
e21d8b0fec73,aca7bdedc637,links_to
2c21643360fc,7b875232de76,links_to
dd8ffca97b36,df2397e83fa1,links_to
1703daed2e39,59a38a167e47,links_to
8186d6afcd62,8f13a629c006,links_to
50cdbd9b2500,86317ebe1be9,links_to
c9a02b0e596e,b10baafc21ef,links_to
ecdb35f0d6dc,42d8eb67b19b,links_to
508ac62cba60,957c1a7eca54,links_to
957c1a7eca54,d82cd6ccbb5e,links_to
620700ba915b,37b573feddfa,links_to
94a3819fe6ce,620700ba915b,links_to
37b573feddfa,f8c4c7fc5eef,links_to
c6bce6f80cfd,aca7bdedc637,links_to
ffff9f1665ba,f97350e081b9,links_to
8b59ac1648f1,d2ca69260780,links_to
d2ca69260780,dd8ffca97b36,links_to
c04bc80bf955,94a3819fe6ce,links_to
f97350e081b9,7830d5834c88,links_to
b10baafc21ef,dd8ffca97b36,links_to
b10baafc21ef,94a3819fe6ce,links_to
3f0e5b6166fa,2c21643360fc,links_to
d29090e25b37,2170642291aa,links_to
aca7bdedc637,59a38a167e47,links_to
a99d1fde16b3,846bd160c80f,links_to
37be672eae2b,eeb895572eac,links_to
3299c41ede69,94a3819fe6ce,links_to
b10baafc21ef,ffff9f1665ba,links_to
dd8ffca97b36,dd8ffca97b36,links_to
df2397e83fa1,02677ddcf285,links_to
e751c6101df7,dd8ffca97b36,links_to
889e4cb30a72,f97350e081b9,links_to
846bd160c80f,0b0b501bf9dd,links_to
aca7bdedc637,eeb895572eac,links_to
d29090e25b37,e751c6101df7,links_to
e751c6101df7,94a3819fe6ce,links_to
eeb895572eac,7b875232de76,links_to
e21d8b0fec73,3299c41ede69,links_to
ffff9f1665ba,c04bc80bf955,links_to
8f13a629c006,8f13a629c006,links_to
96057181c2ce,3f0e5b6166fa,links_to
59a38a167e47,59a38a167e47,links_to
94a3819fe6ce,86317ebe1be9,links_to
dd8ffca97b36,ffff9f1665ba,links_to
37d21d0680e0,ffff9f1665ba,links_to
7b875232de76,a3f77e75fcc6,links_to
37b573feddfa,ecdb35f0d6dc,links_to
cab5aa48075d,8186d6afcd62,links_to
c6bce6f80cfd,37d21d0680e0,links_to
d29090e25b37,10729a4f35ce,links_to
3f0e5b6166fa,37d21d0680e0,links_to
4808acaae9b3,1703daed2e39,links_to
59a38a167e47,37b573feddfa,links_to
7b875232de76,0b0b501bf9dd,links_to
8b59ac1648f1,ecdb35f0d6dc,links_to
846bd160c80f,c9a02b0e596e,links_to
052c8b9e4e05,37be672eae2b,links_to
889e4cb30a72,c04bc80bf955,links_to
b10baafc21ef,889e4cb30a72,links_to
d82cd6ccbb5e,d2ca69260780,links_to
37b573feddfa,50cdbd9b2500,links_to
ffff9f1665ba,e751c6101df7,links_to
7b875232de76,d2ca69260780,links_to
e751c6101df7,7830d5834c88,links_to
ecdb35f0d6dc,508ac62cba60,links_to
e21d8b0fec73,df2397e83fa1,links_to
37b573feddfa,508ac62cba60,links_to
c9a02b0e596e,aca7bdedc637,links_to
f8c4c7fc5eef,d2ca69260780,links_to
02677ddcf285,d82cd6ccbb5e,links_to
8b59ac1648f1,3f0e5b6166fa,links_to
cab5aa48075d,846bd160c80f,links_to
d29090e25b37,052c8b9e4e05,links_to
ffff9f1665ba,957c1a7eca54,links_to
dd8ffca97b36,889e4cb30a72,links_to
a3f77e75fcc6,846bd160c80f,links_to
d29090e25b37,889e4cb30a72,links_to
a99d1fde16b3,c04bc80bf955,links_to
7b875232de76,c9a02b0e596e,links_to
d29090e25b37,a3f77e75fcc6,links_to
620700ba915b,8f13a629c006,links_to
f97350e081b9,1703daed2e39,links_to
889e4cb30a72,e751c6101df7,links_to
a99d1fde16b3,03827b9845c0,links_to
052c8b9e4e05,df2397e83fa1,links_to
df2397e83fa1,96057181c2ce,links_to
052c8b9e4e05,e21d8b0fec73,links_to
620700ba915b,86317ebe1be9,links_to
a99d1fde16b3,d29090e25b37,links_to
c9a02b0e596e,c6bce6f80cfd,links_to
620700ba915b,d82cd6ccbb5e,links_to
7830d5834c88,37d21d0680e0,links_to
889e4cb30a72,957c1a7eca54,links_to
d82cd6ccbb5e,052c8b9e4e05,links_to
3f0e5b6166fa,42d8eb67b19b,links_to
96057181c2ce,f8c4c7fc5eef,links_to
aca7bdedc637,37d21d0680e0,links_to
a3f77e75fcc6,723f18b5c915,links_to
df2397e83fa1,723f18b5c915,links_to
e21d8b0fec73,94a3819fe6ce,links_to
4808acaae9b3,4808acaae9b3,links_to
37be672eae2b,8f13a629c006,links_to
052c8b9e4e05,2170642291aa,links_to
723f18b5c915,37b573feddfa,links_to
c9a02b0e596e,3299c41ede69,links_to
c9a02b0e596e,37be672eae2b,links_to
e21d8b0fec73,ffff9f1665ba,links_to
0b0b501bf9dd,86317ebe1be9,links_to
37be672eae2b,86317ebe1be9,links_to
3299c41ede69,59a38a167e47,links_to
50cdbd9b2500,846bd160c80f,links_to
957c1a7eca54,c04bc80bf955,links_to
ecdb35f0d6dc,620700ba915b,links_to
aca7bdedc637,d82cd6ccbb5e,links_to
7b875232de76,b10baafc21ef,links_to
508ac62cba60,8b59ac1648f1,links_to
ecdb35f0d6dc,f8c4c7fc5eef,links_to
94a3819fe6ce,d2ca69260780,links_to
c6bce6f80cfd,8f13a629c006,links_to
37b573feddfa,aca7bdedc637,links_to
846bd160c80f,59a38a167e47,links_to
cab5aa48075d,03827b9845c0,links_to
a3f77e75fcc6,03827b9845c0,links_to
96057181c2ce,86317ebe1be9,links_to
2170642291aa,8b59ac1648f1,links_to
e751c6101df7,1703daed2e39,links_to
f97350e081b9,4808acaae9b3,links_to
957c1a7eca54,37be672eae2b,links_to
846bd160c80f,eeb895572eac,links_to
37b573feddfa,8186d6afcd62,links_to
c6bce6f80cfd,86317ebe1be9,links_to
37be672eae2b,7b875232de76,links_to
96057181c2ce,ecdb35f0d6dc,links_to
4808acaae9b3,d82cd6ccbb5e,links_to
c9a02b0e596e,df2397e83fa1,links_to
a3f77e75fcc6,d29090e25b37,links_to
df2397e83fa1,d29090e25b37,links_to
59a38a167e47,d82cd6ccbb5e,links_to
8b59ac1648f1,df2397e83fa1,links_to
1703daed2e39,cab5aa48075d,links_to
8b59ac1648f1,8186d6afcd62,links_to
aca7bdedc637,42d8eb67b19b,links_to
c9a02b0e596e,e21d8b0fec73,links_to
8b59ac1648f1,e21d8b0fec73,links_to
b10baafc21ef,2c21643360fc,links_to
1703daed2e39,8b59ac1648f1,links_to
96057181c2ce,50cdbd9b2500,links_to
7b875232de76,59a38a167e47,links_to
c6bce6f80cfd,7830d5834c88,links_to
f8c4c7fc5eef,c04bc80bf955,links_to
37b573feddfa,c6bce6f80cfd,links_to
96057181c2ce,508ac62cba60,links_to
2170642291aa,620700ba915b,links_to
c6bce6f80cfd,7b875232de76,links_to
d29090e25b37,aca7bdedc637,links_to
3299c41ede69,2c21643360fc,links_to
94a3819fe6ce,846bd160c80f,links_to
052c8b9e4e05,052c8b9e4e05,links_to
957c1a7eca54,df2397e83fa1,links_to
508ac62cba60,37d21d0680e0,links_to
3f0e5b6166fa,508ac62cba60,links_to
052c8b9e4e05,889e4cb30a72,links_to
e751c6101df7,2c21643360fc,links_to
c04bc80bf955,7b875232de76,links_to
4808acaae9b3,d2ca69260780,links_to
957c1a7eca54,e21d8b0fec73,links_to
50cdbd9b2500,c04bc80bf955,links_to
b10baafc21ef,7b875232de76,links_to
2c21643360fc,620700ba915b,links_to
d82cd6ccbb5e,e751c6101df7,links_to
37b573feddfa,3299c41ede69,links_to
50cdbd9b2500,03827b9845c0,links_to
f8c4c7fc5eef,e751c6101df7,links_to
052c8b9e4e05,0b0b501bf9dd,links_to
d82cd6ccbb5e,957c1a7eca54,links_to
50cdbd9b2500,d29090e25b37,links_to
02677ddcf285,c04bc80bf955,links_to
d2ca69260780,37b573feddfa,links_to
b10baafc21ef,37b573feddfa,links_to
37d21d0680e0,7b875232de76,links_to
c9a02b0e596e,ffff9f1665ba,links_to
2c21643360fc,10729a4f35ce,links_to
59a38a167e47,cab5aa48075d,links_to
8b59ac1648f1,ffff9f1665ba,links_to
ffff9f1665ba,8b59ac1648f1,links_to
7830d5834c88,7830d5834c88,links_to
59a38a167e47,8b59ac1648f1,links_to
0b0b501bf9dd,d2ca69260780,links_to
8f13a629c006,37b573feddfa,links_to
dd8ffca97b36,37b573feddfa,links_to
f97350e081b9,f8c4c7fc5eef,links_to
03827b9845c0,7830d5834c88,links_to
02677ddcf285,37be672eae2b,links_to
d29090e25b37,3299c41ede69,links_to
2c21643360fc,c6bce6f80cfd,links_to
957c1a7eca54,ffff9f1665ba,links_to
cab5aa48075d,b10baafc21ef,links_to
94a3819fe6ce,c04bc80bf955,links_to
889e4cb30a72,8b59ac1648f1,links_to
eeb895572eac,620700ba915b,links_to
3299c41ede69,d82cd6ccbb5e,links_to
42d8eb67b19b,59a38a167e47,links_to
846bd160c80f,8f13a629c006,links_to
94a3819fe6ce,03827b9845c0,links_to
3f0e5b6166fa,620700ba915b,links_to
723f18b5c915,508ac62cba60,links_to
10729a4f35ce,2170642291aa,links_to
4808acaae9b3,50cdbd9b2500,links_to
8b59ac1648f1,889e4cb30a72,links_to
846bd160c80f,d82cd6ccbb5e,links_to
96057181c2ce,8186d6afcd62,links_to
02677ddcf285,df2397e83fa1,links_to
42d8eb67b19b,37b573feddfa,links_to
59a38a167e47,3f0e5b6166fa,links_to
eeb895572eac,10729a4f35ce,links_to
02677ddcf285,e21d8b0fec73,links_to
a99d1fde16b3,8b59ac1648f1,links_to
e21d8b0fec73,2c21643360fc,links_to
052c8b9e4e05,96057181c2ce,links_to
8b59ac1648f1,0b0b501bf9dd,links_to
94a3819fe6ce,e751c6101df7,links_to
3299c41ede69,42d8eb67b19b,links_to
f97350e081b9,ecdb35f0d6dc,links_to
10729a4f35ce,4808acaae9b3,links_to
cab5aa48075d,59a38a167e47,links_to
957c1a7eca54,889e4cb30a72,links_to
8186d6afcd62,052c8b9e4e05,links_to
e751c6101df7,42d8eb67b19b,links_to
723f18b5c915,cab5aa48075d,links_to
d29090e25b37,42d8eb67b19b,links_to
94a3819fe6ce,f8c4c7fc5eef,links_to
e751c6101df7,d2ca69260780,links_to
cab5aa48075d,eeb895572eac,links_to
eeb895572eac,86317ebe1be9,links_to
96057181c2ce,846bd160c80f,links_to
052c8b9e4e05,723f18b5c915,links_to
620700ba915b,df2397e83fa1,links_to
59a38a167e47,c6bce6f80cfd,links_to
a3f77e75fcc6,eeb895572eac,links_to
f97350e081b9,50cdbd9b2500,links_to
10729a4f35ce,10729a4f35ce,links_to
4808acaae9b3,c04bc80bf955,links_to
f97350e081b9,b10baafc21ef,links_to
59a38a167e47,c04bc80bf955,links_to
052c8b9e4e05,2c21643360fc,links_to
0b0b501bf9dd,3f0e5b6166fa,links_to
f97350e081b9,508ac62cba60,links_to
957c1a7eca54,0b0b501bf9dd,links_to
8b59ac1648f1,c9a02b0e596e,links_to
7830d5834c88,1703daed2e39,links_to
d29090e25b37,dd8ffca97b36,links_to
d2ca69260780,052c8b9e4e05,links_to
e21d8b0fec73,37d21d0680e0,links_to
d29090e25b37,94a3819fe6ce,links_to
03827b9845c0,1703daed2e39,links_to
59a38a167e47,37be672eae2b,links_to
aca7bdedc637,1703daed2e39,links_to
7830d5834c88,8186d6afcd62,links_to
846bd160c80f,cab5aa48075d,links_to
02677ddcf285,ffff9f1665ba,links_to
723f18b5c915,620700ba915b,links_to
620700ba915b,2170642291aa,links_to
aca7bdedc637,8186d6afcd62,links_to
a3f77e75fcc6,8b59ac1648f1,links_to
846bd160c80f,8b59ac1648f1,links_to
10729a4f35ce,a3f77e75fcc6,links_to
0b0b501bf9dd,c04bc80bf955,links_to
8f13a629c006,052c8b9e4e05,links_to
c04bc80bf955,3f0e5b6166fa,links_to
e21d8b0fec73,d82cd6ccbb5e,links_to
8186d6afcd62,cab5aa48075d,links_to
b10baafc21ef,508ac62cba60,links_to
2c21643360fc,aca7bdedc637,links_to
94a3819fe6ce,50cdbd9b2500,links_to
37b573feddfa,b10baafc21ef,links_to
d82cd6ccbb5e,aca7bdedc637,links_to
94a3819fe6ce,b10baafc21ef,links_to
ecdb35f0d6dc,f97350e081b9,links_to
3299c41ede69,3f0e5b6166fa,links_to
889e4cb30a72,f8c4c7fc5eef,links_to
59a38a167e47,e21d8b0fec73,links_to
7b875232de76,8b59ac1648f1,links_to
02677ddcf285,889e4cb30a72,links_to
620700ba915b,10729a4f35ce,links_to
723f18b5c915,c6bce6f80cfd,links_to
e751c6101df7,508ac62cba60,links_to
dd8ffca97b36,508ac62cba60,links_to
0b0b501bf9dd,e751c6101df7,links_to
c9a02b0e596e,2c21643360fc,links_to
42d8eb67b19b,d82cd6ccbb5e,links_to
0b0b501bf9dd,620700ba915b,links_to
e21d8b0fec73,42d8eb67b19b,links_to
957c1a7eca54,96057181c2ce,links_to
7830d5834c88,4808acaae9b3,links_to
0b0b501bf9dd,f8c4c7fc5eef,links_to
d2ca69260780,cab5aa48075d,links_to
b10baafc21ef,cab5aa48075d,links_to
03827b9845c0,4808acaae9b3,links_to
02677ddcf285,0b0b501bf9dd,links_to
f97350e081b9,8186d6afcd62,links_to
620700ba915b,052c8b9e4e05,links_to
957c1a7eca54,723f18b5c915,links_to
37b573feddfa,59a38a167e47,links_to
620700ba915b,889e4cb30a72,links_to
df2397e83fa1,8f13a629c006,links_to
8f13a629c006,cab5aa48075d,links_to
957c1a7eca54,2c21643360fc,links_to
dd8ffca97b36,cab5aa48075d,links_to
2170642291aa,f97350e081b9,links_to
c6bce6f80cfd,d2ca69260780,links_to
8b59ac1648f1,59a38a167e47,links_to
aca7bdedc637,10729a4f35ce,links_to
37b573feddfa,eeb895572eac,links_to
620700ba915b,a3f77e75fcc6,links_to
2c21643360fc,3299c41ede69,links_to
cab5aa48075d,d82cd6ccbb5e,links_to
df2397e83fa1,86317ebe1be9,links_to
508ac62cba60,8186d6afcd62,links_to
c9a02b0e596e,37d21d0680e0,links_to
c04bc80bf955,620700ba915b,links_to
2c21643360fc,02677ddcf285,links_to
96057181c2ce,c9a02b0e596e,links_to
c04bc80bf955,f8c4c7fc5eef,links_to
8b59ac1648f1,d29090e25b37,links_to
1703daed2e39,02677ddcf285,links_to
2c21643360fc,f97350e081b9,links_to
b10baafc21ef,620700ba915b,links_to
37be672eae2b,052c8b9e4e05,links_to
ecdb35f0d6dc,e751c6101df7,links_to
957c1a7eca54,7b875232de76,links_to
052c8b9e4e05,dd8ffca97b36,links_to
8186d6afcd62,c6bce6f80cfd,links_to
7830d5834c88,a3f77e75fcc6,links_to
052c8b9e4e05,94a3819fe6ce,links_to
42d8eb67b19b,cab5aa48075d,links_to
3299c41ede69,f8c4c7fc5eef,links_to
df2397e83fa1,7b875232de76,links_to
ecdb35f0d6dc,957c1a7eca54,links_to
03827b9845c0,a3f77e75fcc6,links_to
dd8ffca97b36,620700ba915b,links_to
e751c6101df7,620700ba915b,links_to
37d21d0680e0,620700ba915b,links_to
94a3819fe6ce,aca7bdedc637,links_to
aca7bdedc637,a3f77e75fcc6,links_to
508ac62cba60,2170642291aa,links_to
2c21643360fc,df2397e83fa1,links_to
37d21d0680e0,4808acaae9b3,links_to
8b59ac1648f1,957c1a7eca54,links_to
37be672eae2b,50cdbd9b2500,links_to
0b0b501bf9dd,b10baafc21ef,links_to
d29090e25b37,1703daed2e39,links_to
37b573feddfa,2c21643360fc,links_to
37be672eae2b,b10baafc21ef,links_to
c6bce6f80cfd,052c8b9e4e05,links_to
2c21643360fc,e21d8b0fec73,links_to
a99d1fde16b3,7830d5834c88,links_to
37be672eae2b,508ac62cba60,links_to
8186d6afcd62,37be672eae2b,links_to
7830d5834c88,d2ca69260780,links_to
2170642291aa,2170642291aa,links_to
e21d8b0fec73,3f0e5b6166fa,links_to
c6bce6f80cfd,ecdb35f0d6dc,links_to
c04bc80bf955,86317ebe1be9,links_to
02677ddcf285,96057181c2ce,links_to
37d21d0680e0,10729a4f35ce,links_to
d2ca69260780,c6bce6f80cfd,links_to
eeb895572eac,3299c41ede69,links_to
b10baafc21ef,c6bce6f80cfd,links_to
aca7bdedc637,d2ca69260780,links_to
2170642291aa,e751c6101df7,links_to
c9a02b0e596e,42d8eb67b19b,links_to
10729a4f35ce,c04bc80bf955,links_to
c6bce6f80cfd,50cdbd9b2500,links_to
eeb895572eac,f97350e081b9,links_to
37d21d0680e0,8f13a629c006,links_to
2c21643360fc,2170642291aa,links_to
4808acaae9b3,0b0b501bf9dd,links_to
59a38a167e47,02677ddcf285,links_to
02677ddcf285,723f18b5c915,links_to
1703daed2e39,846bd160c80f,links_to
c6bce6f80cfd,b10baafc21ef,links_to
1703daed2e39,2170642291aa,links_to
3299c41ede69,86317ebe1be9,links_to
c6bce6f80cfd,508ac62cba60,links_to
dd8ffca97b36,c6bce6f80cfd,links_to
3f0e5b6166fa,f97350e081b9,links_to
508ac62cba60,10729a4f35ce,links_to
c04bc80bf955,50cdbd9b2500,links_to
8f13a629c006,c04bc80bf955,links_to
aca7bdedc637,c9a02b0e596e,links_to
42d8eb67b19b,3f0e5b6166fa,links_to
d2ca69260780,37be672eae2b,links_to
d29090e25b37,2c21643360fc,links_to
2c21643360fc,e751c6101df7,links_to
50cdbd9b2500,7b875232de76,links_to
10729a4f35ce,37be672eae2b,links_to
1703daed2e39,96057181c2ce,links_to
2170642291aa,10729a4f35ce,links_to
94a3819fe6ce,3299c41ede69,links_to
37d21d0680e0,a3f77e75fcc6,links_to
ffff9f1665ba,8186d6afcd62,links_to
8f13a629c006,d29090e25b37,links_to
2c21643360fc,957c1a7eca54,links_to
620700ba915b,aca7bdedc637,links_to
4808acaae9b3,c9a02b0e596e,links_to
8f13a629c006,37be672eae2b,links_to
dd8ffca97b36,37be672eae2b,links_to
96057181c2ce,59a38a167e47,links_to
1703daed2e39,723f18b5c915,links_to
7830d5834c88,ecdb35f0d6dc,links_to
94a3819fe6ce,f97350e081b9,links_to
f97350e081b9,0b0b501bf9dd,links_to
052c8b9e4e05,cab5aa48075d,links_to
42d8eb67b19b,c6bce6f80cfd,links_to
1703daed2e39,10729a4f35ce,links_to
03827b9845c0,ecdb35f0d6dc,links_to
d82cd6ccbb5e,86317ebe1be9,links_to
96057181c2ce,eeb895572eac,links_to
37b573feddfa,d82cd6ccbb5e,links_to
508ac62cba60,a3f77e75fcc6,links_to
d2ca69260780,df2397e83fa1,links_to
02677ddcf285,d29090e25b37,links_to
889e4cb30a72,8186d6afcd62,links_to
7830d5834c88,50cdbd9b2500,links_to
10729a4f35ce,df2397e83fa1,links_to
d2ca69260780,e21d8b0fec73,links_to
ffff9f1665ba,846bd160c80f,links_to
e21d8b0fec73,620700ba915b,links_to
ffff9f1665ba,2170642291aa,links_to
0b0b501bf9dd,aca7bdedc637,links_to
37be672eae2b,aca7bdedc637,links_to
2170642291aa,a3f77e75fcc6,links_to
59a38a167e47,846bd160c80f,links_to
03827b9845c0,50cdbd9b2500,links_to
10729a4f35ce,e21d8b0fec73,links_to
d82cd6ccbb5e,7830d5834c88,links_to
8f13a629c006,df2397e83fa1,links_to
eeb895572eac,e751c6101df7,links_to
42d8eb67b19b,37be672eae2b,links_to
f97350e081b9,c9a02b0e596e,links_to
2c21643360fc,889e4cb30a72,links_to
723f18b5c915,02677ddcf285,links_to
8f13a629c006,e21d8b0fec73,links_to
e21d8b0fec73,8186d6afcd62,links_to
f8c4c7fc5eef,7830d5834c88,links_to
3f0e5b6166fa,e751c6101df7,links_to
1703daed2e39,03827b9845c0,links_to
37b573feddfa,42d8eb67b19b,links_to
59a38a167e47,96057181c2ce,links_to
723f18b5c915,f97350e081b9,links_to
ffff9f1665ba,4808acaae9b3,links_to
eeb895572eac,957c1a7eca54,links_to
889e4cb30a72,846bd160c80f,links_to
1703daed2e39,a3f77e75fcc6,links_to
620700ba915b,3299c41ede69,links_to
1703daed2e39,d29090e25b37,links_to
3f0e5b6166fa,957c1a7eca54,links_to
846bd160c80f,052c8b9e4e05,links_to
2c21643360fc,0b0b501bf9dd,links_to
96057181c2ce,2c21643360fc,links_to
59a38a167e47,723f18b5c915,links_to
c04bc80bf955,aca7bdedc637,links_to
ffff9f1665ba,10729a4f35ce,links_to
10729a4f35ce,dd8ffca97b36,links_to
42d8eb67b19b,df2397e83fa1,links_to
aca7bdedc637,c04bc80bf955,links_to
e751c6101df7,0b0b501bf9dd,links_to
889e4cb30a72,4808acaae9b3,links_to
37b573feddfa,94a3819fe6ce,links_to
d2ca69260780,ffff9f1665ba,links_to
a99d1fde16b3,2170642291aa,links_to
42d8eb67b19b,e21d8b0fec73,links_to
0b0b501bf9dd,3299c41ede69,links_to
10729a4f35ce,ffff9f1665ba,links_to
37be672eae2b,3299c41ede69,links_to
d29090e25b37,d2ca69260780,links_to
aca7bdedc637,d29090e25b37,links_to
3299c41ede69,8186d6afcd62,links_to
8b59ac1648f1,8b59ac1648f1,links_to
8f13a629c006,ffff9f1665ba,links_to
ffff9f1665ba,03827b9845c0,links_to
0b0b501bf9dd,f97350e081b9,links_to
59a38a167e47,03827b9845c0,links_to
a99d1fde16b3,4808acaae9b3,links_to
8186d6afcd62,02677ddcf285,links_to
ffff9f1665ba,a3f77e75fcc6,links_to
e751c6101df7,c9a02b0e596e,links_to
957c1a7eca54,cab5aa48075d,links_to
c6bce6f80cfd,3299c41ede69,links_to
59a38a167e47,d29090e25b37,links_to
723f18b5c915,e751c6101df7,links_to
94a3819fe6ce,7830d5834c88,links_to
723f18b5c915,96057181c2ce,links_to
957c1a7eca54,8b59ac1648f1,links_to
c9a02b0e596e,620700ba915b,links_to
c04bc80bf955,3299c41ede69,links_to
37be672eae2b,df2397e83fa1,links_to
3299c41ede69,846bd160c80f,links_to
889e4cb30a72,03827b9845c0,links_to
10729a4f35ce,889e4cb30a72,links_to
03827b9845c0,8186d6afcd62,links_to
723f18b5c915,957c1a7eca54,links_to
889e4cb30a72,a3f77e75fcc6,links_to
96057181c2ce,d82cd6ccbb5e,links_to
f8c4c7fc5eef,1703daed2e39,links_to
42d8eb67b19b,ffff9f1665ba,links_to
f97350e081b9,59a38a167e47,links_to
620700ba915b,dd8ffca97b36,links_to
ecdb35f0d6dc,37d21d0680e0,links_to
aca7bdedc637,e21d8b0fec73,links_to
d2ca69260780,02677ddcf285,links_to
b10baafc21ef,02677ddcf285,links_to
846bd160c80f,846bd160c80f,links_to
620700ba915b,94a3819fe6ce,links_to
a3f77e75fcc6,2170642291aa,links_to
f97350e081b9,eeb895572eac,links_to
b10baafc21ef,f97350e081b9,links_to
10729a4f35ce,0b0b501bf9dd,links_to
37d21d0680e0,3299c41ede69,links_to
957c1a7eca54,620700ba915b,links_to
37d21d0680e0,37be672eae2b,links_to
8f13a629c006,02677ddcf285,links_to
dd8ffca97b36,02677ddcf285,links_to
2c21643360fc,2c21643360fc,links_to
a99d1fde16b3,a3f77e75fcc6,links_to
846bd160c80f,96057181c2ce,links_to
37d21d0680e0,02677ddcf285,links_to
03827b9845c0,2170642291aa,links_to
96057181c2ce,42d8eb67b19b,links_to
dd8ffca97b36,f97350e081b9,links_to
e751c6101df7,f97350e081b9,links_to
37d21d0680e0,f97350e081b9,links_to
a3f77e75fcc6,4808acaae9b3,links_to
c9a02b0e596e,86317ebe1be9,links_to
42d8eb67b19b,052c8b9e4e05,links_to
7b875232de76,846bd160c80f,links_to
4808acaae9b3,7830d5834c88,links_to
eeb895572eac,1703daed2e39,links_to
37be672eae2b,94a3819fe6ce,links_to
846bd160c80f,723f18b5c915,links_to
42d8eb67b19b,889e4cb30a72,links_to
10729a4f35ce,c9a02b0e596e,links_to
8186d6afcd62,96057181c2ce,links_to
a3f77e75fcc6,10729a4f35ce,links_to
37d21d0680e0,df2397e83fa1,links_to
8186d6afcd62,957c1a7eca54,links_to
aca7bdedc637,ffff9f1665ba,links_to
42d8eb67b19b,02677ddcf285,links_to
37d21d0680e0,e21d8b0fec73,links_to
96057181c2ce,94a3819fe6ce,links_to
d82cd6ccbb5e,3f0e5b6166fa,links_to
3299c41ede69,03827b9845c0,links_to
1703daed2e39,eeb895572eac,links_to
d29090e25b37,cab5aa48075d,links_to
c6bce6f80cfd,94a3819fe6ce,links_to
f8c4c7fc5eef,4808acaae9b3,links_to
2c21643360fc,37d21d0680e0,links_to
2c21643360fc,37b573feddfa,links_to
ffff9f1665ba,50cdbd9b2500,links_to
94a3819fe6ce,eeb895572eac,links_to
8186d6afcd62,2c21643360fc,links_to
7b875232de76,3f0e5b6166fa,links_to
052c8b9e4e05,d2ca69260780,links_to
df2397e83fa1,052c8b9e4e05,links_to
3299c41ede69,d29090e25b37,links_to
94a3819fe6ce,1703daed2e39,links_to
0b0b501bf9dd,7830d5834c88,links_to
eeb895572eac,2c21643360fc,links_to
b10baafc21ef,e751c6101df7,links_to
d2ca69260780,96057181c2ce,links_to
846bd160c80f,03827b9845c0,links_to
37d21d0680e0,2170642291aa,links_to
c6bce6f80cfd,c9a02b0e596e,links_to
a3f77e75fcc6,a3f77e75fcc6,links_to
846bd160c80f,a3f77e75fcc6,links_to
50cdbd9b2500,4808acaae9b3,links_to
846bd160c80f,d29090e25b37,links_to
b10baafc21ef,957c1a7eca54,links_to
889e4cb30a72,50cdbd9b2500,links_to
03827b9845c0,889e4cb30a72,links_to
8186d6afcd62,7b875232de76,links_to
d2ca69260780,723f18b5c915,links_to
dd8ffca97b36,e751c6101df7,links_to
e751c6101df7,e751c6101df7,links_to
8f13a629c006,96057181c2ce,links_to
02677ddcf285,620700ba915b,links_to
7b875232de76,c6bce6f80cfd,links_to
df2397e83fa1,b10baafc21ef,links_to
dd8ffca97b36,96057181c2ce,links_to
d2ca69260780,2c21643360fc,links_to
7b875232de76,c04bc80bf955,links_to
d29090e25b37,620700ba915b,links_to
7830d5834c88,0b0b501bf9dd,links_to
dd8ffca97b36,957c1a7eca54,links_to
e751c6101df7,957c1a7eca54,links_to
7b875232de76,03827b9845c0,links_to
37b573feddfa,86317ebe1be9,links_to
03827b9845c0,0b0b501bf9dd,links_to
8f13a629c006,723f18b5c915,links_to
aca7bdedc637,0b0b501bf9dd,links_to
ffff9f1665ba,eeb895572eac,links_to
508ac62cba60,dd8ffca97b36,links_to
ecdb35f0d6dc,ecdb35f0d6dc,links_to
f8c4c7fc5eef,a3f77e75fcc6,links_to
e21d8b0fec73,f97350e081b9,links_to
8f13a629c006,2c21643360fc,links_to
eeb895572eac,37d21d0680e0,links_to
59a38a167e47,eeb895572eac,links_to
b10baafc21ef,7830d5834c88,links_to
2c21643360fc,42d8eb67b19b,links_to
f97350e081b9,d82cd6ccbb5e,links_to
d2ca69260780,7b875232de76,links_to
50cdbd9b2500,d82cd6ccbb5e,links_to
2170642291aa,dd8ffca97b36,links_to
02677ddcf285,8f13a629c006,links_to
10729a4f35ce,50cdbd9b2500,links_to
42d8eb67b19b,96057181c2ce,links_to
620700ba915b,1703daed2e39,links_to
7830d5834c88,c9a02b0e596e,links_to
d82cd6ccbb5e,f8c4c7fc5eef,links_to
94a3819fe6ce,4808acaae9b3,links_to
889e4cb30a72,eeb895572eac,links_to
03827b9845c0,c9a02b0e596e,links_to
d29090e25b37,c6bce6f80cfd,links_to
2170642291aa,8f13a629c006,links_to
8f13a629c006,7b875232de76,links_to
eeb895572eac,d82cd6ccbb5e,links_to
a99d1fde16b3,a99d1fde16b3,links_to
4808acaae9b3,cab5aa48075d,links_to
10729a4f35ce,37b573feddfa,links_to
2c21643360fc,dd8ffca97b36,links_to
42d8eb67b19b,723f18b5c915,links_to
1703daed2e39,dd8ffca97b36,links_to
37d21d0680e0,889e4cb30a72,links_to
e21d8b0fec73,c04bc80bf955,links_to
2c21643360fc,94a3819fe6ce,links_to
94a3819fe6ce,37d21d0680e0,links_to
4808acaae9b3,8b59ac1648f1,links_to
0b0b501bf9dd,1703daed2e39,links_to
1703daed2e39,8f13a629c006,links_to
508ac62cba60,7b875232de76,links_to
37d21d0680e0,0b0b501bf9dd,links_to
620700ba915b,2c21643360fc,links_to
eeb895572eac,42d8eb67b19b,links_to
c6bce6f80cfd,59a38a167e47,links_to
a3f77e75fcc6,aca7bdedc637,links_to
df2397e83fa1,aca7bdedc637,links_to
94a3819fe6ce,d82cd6ccbb5e,links_to
2170642291aa,7b875232de76,links_to
f97350e081b9,cab5aa48075d,links_to
a99d1fde16b3,02677ddcf285,links_to
e21d8b0fec73,e751c6101df7,links_to
d82cd6ccbb5e,ecdb35f0d6dc,links_to
846bd160c80f,ffff9f1665ba,links_to
f97350e081b9,8b59ac1648f1,links_to
c04bc80bf955,eeb895572eac,links_to
723f18b5c915,37d21d0680e0,links_to
4808acaae9b3,3f0e5b6166fa,links_to
f8c4c7fc5eef,ecdb35f0d6dc,links_to
e21d8b0fec73,957c1a7eca54,links_to
42d8eb67b19b,d29090e25b37,links_to
c04bc80bf955,1703daed2e39,links_to
0b0b501bf9dd,2c21643360fc,links_to
1703daed2e39,7b875232de76,links_to
d82cd6ccbb5e,50cdbd9b2500,links_to
2c21643360fc,508ac62cba60,links_to
ffff9f1665ba,dd8ffca97b36,links_to
37be672eae2b,2c21643360fc,links_to
eeb895572eac,94a3819fe6ce,links_to
052c8b9e4e05,e751c6101df7,links_to
7b875232de76,50cdbd9b2500,links_to
d82cd6ccbb5e,508ac62cba60,links_to
94a3819fe6ce,42d8eb67b19b,links_to
c9a02b0e596e,f97350e081b9,links_to
a99d1fde16b3,df2397e83fa1,links_to
f8c4c7fc5eef,50cdbd9b2500,links_to
3299c41ede69,eeb895572eac,links_to
cab5aa48075d,c04bc80bf955,links_to
052c8b9e4e05,620700ba915b,links_to
7b875232de76,ffff9f1665ba,links_to
ecdb35f0d6dc,1703daed2e39,links_to
a99d1fde16b3,e21d8b0fec73,links_to
59a38a167e47,8f13a629c006,links_to
7830d5834c88,59a38a167e47,links_to
0b0b501bf9dd,4808acaae9b3,links_to
ecdb35f0d6dc,8186d6afcd62,links_to
889e4cb30a72,dd8ffca97b36,links_to
cab5aa48075d,d29090e25b37,links_to
c6bce6f80cfd,2c21643360fc,links_to
59a38a167e47,86317ebe1be9,links_to
f97350e081b9,3f0e5b6166fa,links_to
957c1a7eca54,02677ddcf285,links_to
052c8b9e4e05,10729a4f35ce,links_to
2c21643360fc,cab5aa48075d,links_to
03827b9845c0,59a38a167e47,links_to
cab5aa48075d,37be672eae2b,links_to
a3f77e75fcc6,3299c41ede69,links_to
df2397e83fa1,3299c41ede69,links_to
a3f77e75fcc6,37be672eae2b,links_to
957c1a7eca54,f97350e081b9,links_to
c04bc80bf955,2c21643360fc,links_to
0b0b501bf9dd,37d21d0680e0,links_to
03827b9845c0,eeb895572eac,links_to
846bd160c80f,02677ddcf285,links_to
c9a02b0e596e,c04bc80bf955,links_to
8186d6afcd62,3f0e5b6166fa,links_to
3f0e5b6166fa,7830d5834c88,links_to
052c8b9e4e05,c6bce6f80cfd,links_to
a99d1fde16b3,dd8ffca97b36,links_to
eeb895572eac,508ac62cba60,links_to
8186d6afcd62,37b573feddfa,links_to
37b573feddfa,846bd160c80f,links_to
e751c6101df7,8b59ac1648f1,links_to
59a38a167e47,7b875232de76,links_to
ffff9f1665ba,889e4cb30a72,links_to
723f18b5c915,f8c4c7fc5eef,links_to
37d21d0680e0,2c21643360fc,links_to
8b59ac1648f1,2170642291aa,links_to
94a3819fe6ce,ecdb35f0d6dc,links_to
d29090e25b37,c9a02b0e596e,links_to
0b0b501bf9dd,d82cd6ccbb5e,links_to
052c8b9e4e05,a3f77e75fcc6,links_to
a99d1fde16b3,ffff9f1665ba,links_to
a3f77e75fcc6,df2397e83fa1,links_to
37be672eae2b,d82cd6ccbb5e,links_to
7b875232de76,02677ddcf285,links_to
620700ba915b,d2ca69260780,links_to
cab5aa48075d,e21d8b0fec73,links_to
c9a02b0e596e,e751c6101df7,links_to
a3f77e75fcc6,e21d8b0fec73,links_to
c04bc80bf955,37d21d0680e0,links_to
ecdb35f0d6dc,4808acaae9b3,links_to
889e4cb30a72,889e4cb30a72,links_to
b10baafc21ef,37d21d0680e0,links_to
c9a02b0e596e,957c1a7eca54,links_to
94a3819fe6ce,3f0e5b6166fa,links_to
723f18b5c915,8f13a629c006,links_to
957c1a7eca54,2170642291aa,links_to
50cdbd9b2500,37be672eae2b,links_to
d82cd6ccbb5e,8186d6afcd62,links_to
ecdb35f0d6dc,10729a4f35ce,links_to
c6bce6f80cfd,d82cd6ccbb5e,links_to
0b0b501bf9dd,42d8eb67b19b,links_to
37be672eae2b,42d8eb67b19b,links_to
723f18b5c915,86317ebe1be9,links_to
957c1a7eca54,e751c6101df7,links_to
f8c4c7fc5eef,8186d6afcd62,links_to
8b59ac1648f1,10729a4f35ce,links_to
e751c6101df7,37d21d0680e0,links_to
dd8ffca97b36,37d21d0680e0,links_to
37d21d0680e0,37d21d0680e0,links_to
c04bc80bf955,d82cd6ccbb5e,links_to
37d21d0680e0,37b573feddfa,links_to
a99d1fde16b3,889e4cb30a72,links_to
aca7bdedc637,7830d5834c88,links_to
a3f77e75fcc6,dd8ffca97b36,links_to
846bd160c80f,dd8ffca97b36,links_to
10729a4f35ce,cab5aa48075d,links_to
4808acaae9b3,ecdb35f0d6dc,links_to
8186d6afcd62,f8c4c7fc5eef,links_to
d29090e25b37,02677ddcf285,links_to
df2397e83fa1,94a3819fe6ce,links_to
37b573feddfa,c04bc80bf955,links_to
d29090e25b37,f97350e081b9,links_to
50cdbd9b2500,df2397e83fa1,links_to
10729a4f35ce,8b59ac1648f1,links_to
c6bce6f80cfd,42d8eb67b19b,links_to
cab5aa48075d,ffff9f1665ba,links_to
508ac62cba60,37b573feddfa,links_to
37b573feddfa,03827b9845c0,links_to
723f18b5c915,7b875232de76,links_to
a99d1fde16b3,0b0b501bf9dd,links_to
957c1a7eca54,10729a4f35ce,links_to
a3f77e75fcc6,ffff9f1665ba,links_to
50cdbd9b2500,e21d8b0fec73,links_to
ecdb35f0d6dc,a3f77e75fcc6,links_to
f8c4c7fc5eef,2170642291aa,links_to
c04bc80bf955,42d8eb67b19b,links_to
37b573feddfa,d29090e25b37,links_to
3f0e5b6166fa,1703daed2e39,links_to
2170642291aa,37b573feddfa,links_to
eeb895572eac,8186d6afcd62,links_to
8b59ac1648f1,a3f77e75fcc6,links_to
03827b9845c0,8f13a629c006,links_to
d2ca69260780,620700ba915b,links_to
7830d5834c88,d82cd6ccbb5e,links_to
d2ca69260780,f8c4c7fc5eef,links_to
b10baafc21ef,f8c4c7fc5eef,links_to
10729a4f35ce,620700ba915b,links_to
0b0b501bf9dd,ecdb35f0d6dc,links_to
ecdb35f0d6dc,d2ca69260780,links_to
a99d1fde16b3,c9a02b0e596e,links_to
8186d6afcd62,86317ebe1be9,links_to
37d21d0680e0,42d8eb67b19b,links_to
1703daed2e39,37b573feddfa,links_to
846bd160c80f,7b875232de76,links_to
052c8b9e4e05,aca7bdedc637,links_to
8f13a629c006,620700ba915b,links_to
957c1a7eca54,a3f77e75fcc6,links_to
8186d6afcd62,ecdb35f0d6dc,links_to
a3f77e75fcc6,889e4cb30a72,links_to
dd8ffca97b36,f8c4c7fc5eef,links_to
e751c6101df7,f8c4c7fc5eef,links_to
02677ddcf285,2170642291aa,links_to
94a3819fe6ce,df2397e83fa1,links_to
94a3819fe6ce,8186d6afcd62,links_to
37be672eae2b,3f0e5b6166fa,links_to
d2ca69260780,8f13a629c006,links_to
b10baafc21ef,8f13a629c006,links_to
50cdbd9b2500,ffff9f1665ba,links_to
94a3819fe6ce,e21d8b0fec73,links_to
02677ddcf285,e751c6101df7,links_to
cab5aa48075d,0b0b501bf9dd,links_to
a3f77e75fcc6,0b0b501bf9dd,links_to
8186d6afcd62,508ac62cba60,links_to
d2ca69260780,86317ebe1be9,links_to
b10baafc21ef,86317ebe1be9,links_to
37d21d0680e0,94a3819fe6ce,links_to
10729a4f35ce,c6bce6f80cfd,links_to
7b875232de76,7b875232de76,links_to
c04bc80bf955,ecdb35f0d6dc,links_to
ffff9f1665ba,59a38a167e47,links_to
4808acaae9b3,02677ddcf285,links_to
b10baafc21ef,ecdb35f0d6dc,links_to
2170642291aa,d2ca69260780,links_to
dd8ffca97b36,8f13a629c006,links_to
3f0e5b6166fa,4808acaae9b3,links_to
d29090e25b37,957c1a7eca54,links_to
96057181c2ce,723f18b5c915,links_to
f8c4c7fc5eef,889e4cb30a72,links_to
c6bce6f80cfd,3f0e5b6166fa,links_to
7830d5834c88,cab5aa48075d,links_to
94a3819fe6ce,2170642291aa,links_to
02677ddcf285,10729a4f35ce,links_to
8f13a629c006,86317ebe1be9,links_to
dd8ffca97b36,86317ebe1be9,links_to
ffff9f1665ba,37b573feddfa,links_to
03827b9845c0,cab5aa48075d,links_to
f97350e081b9,052c8b9e4e05,links_to
aca7bdedc637,cab5aa48075d,links_to
7830d5834c88,8b59ac1648f1,links_to
723f18b5c915,8186d6afcd62,links_to
dd8ffca97b36,ecdb35f0d6dc,links_to
e751c6101df7,ecdb35f0d6dc,links_to
2c21643360fc,d2ca69260780,links_to
50cdbd9b2500,052c8b9e4e05,links_to
620700ba915b,620700ba915b,links_to
052c8b9e4e05,3299c41ede69,links_to
f8c4c7fc5eef,0b0b501bf9dd,links_to
50cdbd9b2500,889e4cb30a72,links_to
889e4cb30a72,59a38a167e47,links_to
03827b9845c0,8b59ac1648f1,links_to
3299c41ede69,7830d5834c88,links_to
ecdb35f0d6dc,50cdbd9b2500,links_to
aca7bdedc637,8b59ac1648f1,links_to
4808acaae9b3,8186d6afcd62,links_to
052c8b9e4e05,02677ddcf285,links_to
d29090e25b37,7830d5834c88,links_to
96057181c2ce,c04bc80bf955,links_to
052c8b9e4e05,f97350e081b9,links_to
42d8eb67b19b,8f13a629c006,links_to
02677ddcf285,052c8b9e4e05,links_to
37b573feddfa,ffff9f1665ba,links_to
dd8ffca97b36,7b875232de76,links_to
889e4cb30a72,37b573feddfa,links_to
96057181c2ce,03827b9845c0,links_to
50cdbd9b2500,0b0b501bf9dd,links_to
d82cd6ccbb5e,c9a02b0e596e,links_to
df2397e83fa1,1703daed2e39,links_to
42d8eb67b19b,86317ebe1be9,links_to
02677ddcf285,a3f77e75fcc6,links_to
2170642291aa,052c8b9e4e05,links_to
96057181c2ce,d29090e25b37,links_to
a99d1fde16b3,59a38a167e47,links_to
37be672eae2b,620700ba915b,links_to
f8c4c7fc5eef,c9a02b0e596e,links_to
37be672eae2b,f8c4c7fc5eef,links_to
2170642291aa,ecdb35f0d6dc,links_to
aca7bdedc637,620700ba915b,links_to
7830d5834c88,3f0e5b6166fa,links_to
4808acaae9b3,846bd160c80f,links_to
cab5aa48075d,96057181c2ce,links_to
620700ba915b,c6bce6f80cfd,links_to
59a38a167e47,2170642291aa,links_to
aca7bdedc637,4808acaae9b3,links_to
957c1a7eca54,aca7bdedc637,links_to
508ac62cba60,508ac62cba60,links_to
a99d1fde16b3,37b573feddfa,links_to
ecdb35f0d6dc,c04bc80bf955,links_to
0b0b501bf9dd,8186d6afcd62,links_to
1703daed2e39,052c8b9e4e05,links_to
eeb895572eac,d2ca69260780,links_to
42d8eb67b19b,7b875232de76,links_to
37d21d0680e0,cab5aa48075d,links_to
cab5aa48075d,723f18b5c915,links_to
4808acaae9b3,96057181c2ce,links_to
94a3819fe6ce,889e4cb30a72,links_to
2170642291aa,508ac62cba60,links_to
3f0e5b6166fa,d2ca69260780,links_to
c6bce6f80cfd,f8c4c7fc5eef,links_to
df2397e83fa1,2c21643360fc,links_to
4808acaae9b3,723f18b5c915,links_to
7830d5834c88,c04bc80bf955,links_to
2c21643360fc,b10baafc21ef,links_to
03827b9845c0,c6bce6f80cfd,links_to
1703daed2e39,b10baafc21ef,links_to
f97350e081b9,846bd160c80f,links_to
508ac62cba60,cab5aa48075d,links_to
94a3819fe6ce,0b0b501bf9dd,links_to
96057181c2ce,e21d8b0fec73,links_to
0b0b501bf9dd,2170642291aa,links_to
aca7bdedc637,c6bce6f80cfd,links_to
d82cd6ccbb5e,b10baafc21ef,links_to
4808acaae9b3,10729a4f35ce,links_to
1703daed2e39,508ac62cba60,links_to
59a38a167e47,10729a4f35ce,links_to
b10baafc21ef,1703daed2e39,links_to
8b59ac1648f1,02677ddcf285,links_to
c04bc80bf955,8186d6afcd62,links_to
cab5aa48075d,7b875232de76,links_to
8186d6afcd62,846bd160c80f,links_to
2170642291aa,cab5aa48075d,links_to
b10baafc21ef,8186d6afcd62,links_to
f97350e081b9,96057181c2ce,links_to
3299c41ede69,1703daed2e39,links_to
052c8b9e4e05,957c1a7eca54,links_to
957c1a7eca54,37d21d0680e0,links_to
50cdbd9b2500,96057181c2ce,links_to
957c1a7eca54,3299c41ede69,links_to
03827b9845c0,37be672eae2b,links_to
e21d8b0fec73,7830d5834c88,links_to
aca7bdedc637,37be672eae2b,links_to
a3f77e75fcc6,37b573feddfa,links_to
846bd160c80f,37b573feddfa,links_to
94a3819fe6ce,c9a02b0e596e,links_to
59a38a167e47,052c8b9e4e05,links_to
4808acaae9b3,889e4cb30a72,links_to
f97350e081b9,723f18b5c915,links_to
4808acaae9b3,03827b9845c0,links_to
e751c6101df7,8186d6afcd62,links_to
dd8ffca97b36,8186d6afcd62,links_to
50cdbd9b2500,723f18b5c915,links_to
3f0e5b6166fa,ecdb35f0d6dc,links_to
7830d5834c88,f8c4c7fc5eef,links_to
4808acaae9b3,a3f77e75fcc6,links_to
d82cd6ccbb5e,59a38a167e47,links_to
50cdbd9b2500,2c21643360fc,links_to
02677ddcf285,aca7bdedc637,links_to
052c8b9e4e05,7830d5834c88,links_to
d82cd6ccbb5e,eeb895572eac,links_to
f8c4c7fc5eef,59a38a167e47,links_to
889e4cb30a72,d82cd6ccbb5e,links_to
3f0e5b6166fa,50cdbd9b2500,links_to
96057181c2ce,ffff9f1665ba,links_to
723f18b5c915,d2ca69260780,links_to
ffff9f1665ba,508ac62cba60,links_to
3f0e5b6166fa,b10baafc21ef,links_to
7b875232de76,eeb895572eac,links_to
df2397e83fa1,d82cd6ccbb5e,links_to
59a38a167e47,b10baafc21ef,links_to
d29090e25b37,8b59ac1648f1,links_to
f8c4c7fc5eef,eeb895572eac,links_to
7b875232de76,37b573feddfa,links_to
620700ba915b,0b0b501bf9dd,links_to
e751c6101df7,846bd160c80f,links_to
f97350e081b9,c04bc80bf955,links_to
a99d1fde16b3,8f13a629c006,links_to
ecdb35f0d6dc,dd8ffca97b36,links_to
0b0b501bf9dd,889e4cb30a72,links_to
f97350e081b9,03827b9845c0,links_to
d2ca69260780,f97350e081b9,links_to
10729a4f35ce,02677ddcf285,links_to
8b59ac1648f1,dd8ffca97b36,links_to
c9a02b0e596e,94a3819fe6ce,links_to
508ac62cba60,c6bce6f80cfd,links_to
10729a4f35ce,f97350e081b9,links_to
f97350e081b9,d29090e25b37,links_to
1703daed2e39,aca7bdedc637,links_to
3299c41ede69,4808acaae9b3,links_to
8186d6afcd62,03827b9845c0,links_to
eeb895572eac,c04bc80bf955,links_to
df2397e83fa1,42d8eb67b19b,links_to
ffff9f1665ba,cab5aa48075d,links_to
e751c6101df7,4808acaae9b3,links_to
d29090e25b37,4808acaae9b3,links_to
0b0b501bf9dd,0b0b501bf9dd,links_to
df2397e83fa1,d2ca69260780,links_to
620700ba915b,c9a02b0e596e,links_to
2170642291aa,c6bce6f80cfd,links_to
846bd160c80f,620700ba915b,links_to
8f13a629c006,f97350e081b9,links_to
723f18b5c915,052c8b9e4e05,links_to
957c1a7eca54,dd8ffca97b36,links_to
02677ddcf285,3299c41ede69,links_to
508ac62cba60,37be672eae2b,links_to
d29090e25b37,37d21d0680e0,links_to
d29090e25b37,37b573feddfa,links_to
a99d1fde16b3,508ac62cba60,links_to
723f18b5c915,ecdb35f0d6dc,links_to
889e4cb30a72,cab5aa48075d,links_to
846bd160c80f,10729a4f35ce,links_to
e21d8b0fec73,1703daed2e39,links_to
96057181c2ce,0b0b501bf9dd,links_to
1703daed2e39,c6bce6f80cfd,links_to
957c1a7eca54,8f13a629c006,links_to
c04bc80bf955,a3f77e75fcc6,links_to
c9a02b0e596e,7830d5834c88,links_to
2170642291aa,37be672eae2b,links_to
0b0b501bf9dd,c9a02b0e596e,links_to
94a3819fe6ce,59a38a167e47,links_to
723f18b5c915,50cdbd9b2500,links_to
ecdb35f0d6dc,889e4cb30a72,links_to
723f18b5c915,b10baafc21ef,links_to
d2ca69260780,2170642291aa,links_to
8b59ac1648f1,7b875232de76,links_to
e751c6101df7,03827b9845c0,links_to
052c8b9e4e05,1703daed2e39,links_to
1703daed2e39,3299c41ede69,links_to
94a3819fe6ce,d29090e25b37,links_to
a99d1fde16b3,cab5aa48075d,links_to
59a38a167e47,aca7bdedc637,links_to
1703daed2e39,37be672eae2b,links_to
c04bc80bf955,d2ca69260780,links_to
d2ca69260780,e751c6101df7,links_to
e751c6101df7,a3f77e75fcc6,links_to
ecdb35f0d6dc,0b0b501bf9dd,links_to
df2397e83fa1,ecdb35f0d6dc,links_to
c6bce6f80cfd,8186d6afcd62,links_to
8f13a629c006,2170642291aa,links_to
b10baafc21ef,d2ca69260780,links_to
10729a4f35ce,e751c6101df7,links_to
3f0e5b6166fa,8186d6afcd62,links_to
620700ba915b,f97350e081b9,links_to
10729a4f35ce,96057181c2ce,links_to
e21d8b0fec73,2170642291aa,links_to
03827b9845c0,052c8b9e4e05,links_to
7b875232de76,8f13a629c006,links_to
10729a4f35ce,957c1a7eca54,links_to
8f13a629c006,e751c6101df7,links_to
f8c4c7fc5eef,8f13a629c006,links_to
889e4cb30a72,3f0e5b6166fa,links_to
d82cd6ccbb5e,d82cd6ccbb5e,links_to
846bd160c80f,b10baafc21ef,links_to
dd8ffca97b36,d2ca69260780,links_to
df2397e83fa1,3f0e5b6166fa,links_to
94a3819fe6ce,957c1a7eca54,links_to
37d21d0680e0,d2ca69260780,links_to
ffff9f1665ba,c6bce6f80cfd,links_to
a3f77e75fcc6,508ac62cba60,links_to
7b875232de76,86317ebe1be9,links_to
7830d5834c88,02677ddcf285,links_to
7b875232de76,d82cd6ccbb5e,links_to
d29090e25b37,f8c4c7fc5eef,links_to
8f13a629c006,957c1a7eca54,links_to
1703daed2e39,df2397e83fa1,links_to
c6bce6f80cfd,846bd160c80f,links_to
4808acaae9b3,59a38a167e47,links_to
ecdb35f0d6dc,c9a02b0e596e,links_to
e21d8b0fec73,4808acaae9b3,links_to
aca7bdedc637,02677ddcf285,links_to
37be672eae2b,f97350e081b9,links_to
f97350e081b9,ffff9f1665ba,links_to
1703daed2e39,e21d8b0fec73,links_to
42d8eb67b19b,2170642291aa,links_to
02677ddcf285,dd8ffca97b36,links_to
8186d6afcd62,50cdbd9b2500,links_to
4808acaae9b3,eeb895572eac,links_to
c04bc80bf955,846bd160c80f,links_to
aca7bdedc637,f97350e081b9,links_to
8f13a629c006,10729a4f35ce,links_to
8186d6afcd62,b10baafc21ef,links_to
02677ddcf285,94a3819fe6ce,links_to
889e4cb30a72,c6bce6f80cfd,links_to
ffff9f1665ba,37be672eae2b,links_to
e21d8b0fec73,10729a4f35ce,links_to
d82cd6ccbb5e,42d8eb67b19b,links_to
59a38a167e47,3299c41ede69,links_to
37b573feddfa,7830d5834c88,links_to
a3f77e75fcc6,cab5aa48075d,links_to
df2397e83fa1,c04bc80bf955,links_to
052c8b9e4e05,4808acaae9b3,links_to
c9a02b0e596e,1703daed2e39,links_to
aca7bdedc637,df2397e83fa1,links_to
c6bce6f80cfd,723f18b5c915,links_to
723f18b5c915,aca7bdedc637,links_to
dd8ffca97b36,052c8b9e4e05,links_to
0b0b501bf9dd,59a38a167e47,links_to
d29090e25b37,86317ebe1be9,links_to
620700ba915b,e751c6101df7,links_to
8f13a629c006,889e4cb30a72,links_to
b10baafc21ef,50cdbd9b2500,links_to
052c8b9e4e05,37d21d0680e0,links_to
052c8b9e4e05,37b573feddfa,links_to
a99d1fde16b3,c6bce6f80cfd,links_to
889e4cb30a72,37be672eae2b,links_to
d2ca69260780,b10baafc21ef,links_to
b10baafc21ef,b10baafc21ef,links_to
37be672eae2b,03827b9845c0,links_to
d29090e25b37,ecdb35f0d6dc,links_to
42d8eb67b19b,10729a4f35ce,links_to
0b0b501bf9dd,eeb895572eac,links_to
8f13a629c006,a3f77e75fcc6,links_to
8186d6afcd62,59a38a167e47,links_to
ffff9f1665ba,df2397e83fa1,links_to
d82cd6ccbb5e,94a3819fe6ce,links_to
7830d5834c88,846bd160c80f,links_to
620700ba915b,957c1a7eca54,links_to
02677ddcf285,7830d5834c88,links_to
7b875232de76,cab5aa48075d,links_to
59a38a167e47,df2397e83fa1,links_to
37be672eae2b,d29090e25b37,links_to
e21d8b0fec73,a3f77e75fcc6,links_to
f8c4c7fc5eef,cab5aa48075d,links_to
03827b9845c0,846bd160c80f,links_to
8186d6afcd62,eeb895572eac,links_to
1703daed2e39,ffff9f1665ba,links_to
ffff9f1665ba,e21d8b0fec73,links_to
cab5aa48075d,620700ba915b,links_to
dd8ffca97b36,50cdbd9b2500,links_to
e751c6101df7,50cdbd9b2500,links_to
94a3819fe6ce,ffff9f1665ba,links_to
dd8ffca97b36,b10baafc21ef,links_to
a3f77e75fcc6,620700ba915b,links_to
df2397e83fa1,620700ba915b,links_to
e751c6101df7,b10baafc21ef,links_to
f97350e081b9,02677ddcf285,links_to
aca7bdedc637,2170642291aa,links_to
df2397e83fa1,f8c4c7fc5eef,links_to
d29090e25b37,508ac62cba60,links_to
f8c4c7fc5eef,8b59ac1648f1,links_to
a99d1fde16b3,37be672eae2b,links_to
7830d5834c88,96057181c2ce,links_to
37be672eae2b,e751c6101df7,links_to
c6bce6f80cfd,03827b9845c0,links_to
846bd160c80f,aca7bdedc637,links_to
c04bc80bf955,c04bc80bf955,links_to
03827b9845c0,96057181c2ce,links_to
889e4cb30a72,df2397e83fa1,links_to
aca7bdedc637,e751c6101df7,links_to
50cdbd9b2500,cab5aa48075d,links_to
aca7bdedc637,96057181c2ce,links_to
e21d8b0fec73,d2ca69260780,links_to
0b0b501bf9dd,957c1a7eca54,links_to
c04bc80bf955,03827b9845c0,links_to
508ac62cba60,02677ddcf285,links_to
c6bce6f80cfd,d29090e25b37,links_to
37be672eae2b,957c1a7eca54,links_to
620700ba915b,7830d5834c88,links_to
889e4cb30a72,e21d8b0fec73,links_to
7830d5834c88,723f18b5c915,links_to
eeb895572eac,0b0b501bf9dd,links_to
aca7bdedc637,957c1a7eca54,links_to
50cdbd9b2500,8b59ac1648f1,links_to
723f18b5c915,3299c41ede69,links_to
c04bc80bf955,d29090e25b37,links_to
03827b9845c0,723f18b5c915,links_to
3f0e5b6166fa,0b0b501bf9dd,links_to
ecdb35f0d6dc,59a38a167e47,links_to
3299c41ede69,c04bc80bf955,links_to
8186d6afcd62,aca7bdedc637,links_to
cab5aa48075d,8f13a629c006,links_to
2170642291aa,02677ddcf285,links_to
c9a02b0e596e,4808acaae9b3,links_to
4808acaae9b3,dd8ffca97b36,links_to
42d8eb67b19b,b10baafc21ef,links_to
59a38a167e47,dd8ffca97b36,links_to
052c8b9e4e05,42d8eb67b19b,links_to
03827b9845c0,10729a4f35ce,links_to
a3f77e75fcc6,c6bce6f80cfd,links_to
846bd160c80f,c6bce6f80cfd,links_to
59a38a167e47,94a3819fe6ce,links_to
ecdb35f0d6dc,37b573feddfa,links_to
052c8b9e4e05,f8c4c7fc5eef,links_to
37b573feddfa,1703daed2e39,links_to
4808acaae9b3,8f13a629c006,links_to
e751c6101df7,eeb895572eac,links_to
ffff9f1665ba,ffff9f1665ba,links_to
3299c41ede69,37be672eae2b,links_to
59a38a167e47,ffff9f1665ba,links_to
8b59ac1648f1,37b573feddfa,links_to
50cdbd9b2500,620700ba915b,links_to
3f0e5b6166fa,c9a02b0e596e,links_to
7830d5834c88,03827b9845c0,links_to
d2ca69260780,aca7bdedc637,links_to
846bd160c80f,3299c41ede69,links_to
846bd160c80f,37be672eae2b,links_to
03827b9845c0,03827b9845c0,links_to
aca7bdedc637,889e4cb30a72,links_to
37d21d0680e0,e751c6101df7,links_to
7830d5834c88,d29090e25b37,links_to
e21d8b0fec73,ecdb35f0d6dc,links_to
889e4cb30a72,ffff9f1665ba,links_to
2170642291aa,59a38a167e47,links_to
03827b9845c0,d29090e25b37,links_to
957c1a7eca54,37b573feddfa,links_to
02677ddcf285,1703daed2e39,links_to
846bd160c80f,f97350e081b9,links_to
94a3819fe6ce,8b59ac1648f1,links_to
8f13a629c006,aca7bdedc637,links_to
dd8ffca97b36,aca7bdedc637,links_to
8186d6afcd62,37d21d0680e0,links_to
3299c41ede69,df2397e83fa1,links_to
8186d6afcd62,3299c41ede69,links_to
e21d8b0fec73,50cdbd9b2500,links_to
052c8b9e4e05,86317ebe1be9,links_to
59a38a167e47,889e4cb30a72,links_to
3299c41ede69,e21d8b0fec73,links_to
508ac62cba60,96057181c2ce,links_to
d29090e25b37,8186d6afcd62,links_to
052c8b9e4e05,ecdb35f0d6dc,links_to
7b875232de76,37be672eae2b,links_to
846bd160c80f,df2397e83fa1,links_to
f8c4c7fc5eef,37be672eae2b,links_to
ecdb35f0d6dc,7830d5834c88,links_to
ffff9f1665ba,02677ddcf285,links_to
2170642291aa,96057181c2ce,links_to
37b573feddfa,620700ba915b,links_to
846bd160c80f,e21d8b0fec73,links_to
508ac62cba60,723f18b5c915,links_to
8186d6afcd62,d82cd6ccbb5e,links_to
c9a02b0e596e,d2ca69260780,links_to
889e4cb30a72,052c8b9e4e05,links_to
37b573feddfa,4808acaae9b3,links_to
723f18b5c915,94a3819fe6ce,links_to
c9a02b0e596e,f8c4c7fc5eef,links_to
d2ca69260780,37d21d0680e0,links_to
37d21d0680e0,c6bce6f80cfd,links_to
2170642291aa,957c1a7eca54,links_to
02677ddcf285,2c21643360fc,links_to
052c8b9e4e05,508ac62cba60,links_to
42d8eb67b19b,aca7bdedc637,links_to
8b59ac1648f1,f8c4c7fc5eef,links_to
d2ca69260780,3299c41ede69,links_to
10729a4f35ce,37d21d0680e0,links_to
f97350e081b9,7b875232de76,links_to
d29090e25b37,846bd160c80f,links_to
c04bc80bf955,ffff9f1665ba,links_to
2170642291aa,2c21643360fc,links_to
7b875232de76,df2397e83fa1,links_to
889e4cb30a72,02677ddcf285,links_to
846bd160c80f,2170642291aa,links_to
8f13a629c006,37d21d0680e0,links_to
a99d1fde16b3,052c8b9e4e05,links_to
df2397e83fa1,0b0b501bf9dd,links_to
8f13a629c006,3299c41ede69,links_to
dd8ffca97b36,3299c41ede69,links_to
7b875232de76,e21d8b0fec73,links_to
957c1a7eca54,d2ca69260780,links_to
8186d6afcd62,42d8eb67b19b,links_to
620700ba915b,8b59ac1648f1,links_to
3299c41ede69,ffff9f1665ba,links_to
8b59ac1648f1,8f13a629c006,links_to
1703daed2e39,2c21643360fc,links_to
723f18b5c915,7830d5834c88,links_to
3f0e5b6166fa,59a38a167e47,links_to
e21d8b0fec73,02677ddcf285,links_to
c6bce6f80cfd,eeb895572eac,links_to
02677ddcf285,37b573feddfa,links_to
96057181c2ce,1703daed2e39,links_to
7b875232de76,2170642291aa,links_to
a99d1fde16b3,f97350e081b9,links_to
c9a02b0e596e,ecdb35f0d6dc,links_to
37b573feddfa,a3f77e75fcc6,links_to
3f0e5b6166fa,37b573feddfa,links_to
2c21643360fc,7830d5834c88,links_to
df2397e83fa1,c9a02b0e596e,links_to
0b0b501bf9dd,8b59ac1648f1,links_to
8186d6afcd62,94a3819fe6ce,links_to
620700ba915b,4808acaae9b3,links_to
42d8eb67b19b,3299c41ede69,links_to
03827b9845c0,ffff9f1665ba,links_to
c9a02b0e596e,50cdbd9b2500,links_to
ffff9f1665ba,96057181c2ce,links_to
3299c41ede69,889e4cb30a72,links_to
957c1a7eca54,052c8b9e4e05,links_to
c9a02b0e596e,508ac62cba60,links_to
620700ba915b,37d21d0680e0,links_to
8b59ac1648f1,508ac62cba60,links_to
8f13a629c006,42d8eb67b19b,links_to
96057181c2ce,8b59ac1648f1,links_to
d29090e25b37,03827b9845c0,links_to
ffff9f1665ba,723f18b5c915,links_to
846bd160c80f,889e4cb30a72,links_to
d2ca69260780,94a3819fe6ce,links_to
3299c41ede69,0b0b501bf9dd,links_to
052c8b9e4e05,8186d6afcd62,links_to
889e4cb30a72,96057181c2ce,links_to
59a38a167e47,2c21643360fc,links_to
c04bc80bf955,8b59ac1648f1,links_to
7830d5834c88,eeb895572eac,links_to
ecdb35f0d6dc,cab5aa48075d,links_to
957c1a7eca54,508ac62cba60,links_to
02677ddcf285,42d8eb67b19b,links_to
8f13a629c006,dd8ffca97b36,links_to
10729a4f35ce,8f13a629c006,links_to
a3f77e75fcc6,02677ddcf285,links_to
1703daed2e39,d82cd6ccbb5e,links_to
eeb895572eac,7830d5834c88,links_to
37be672eae2b,37d21d0680e0,links_to
02677ddcf285,d2ca69260780,links_to
cab5aa48075d,f97350e081b9,links_to
96057181c2ce,620700ba915b,links_to
8b59ac1648f1,cab5aa48075d,links_to
8f13a629c006,94a3819fe6ce,links_to
889e4cb30a72,723f18b5c915,links_to
723f18b5c915,59a38a167e47,links_to
ecdb35f0d6dc,8b59ac1648f1,links_to
a3f77e75fcc6,f97350e081b9,links_to
df2397e83fa1,f97350e081b9,links_to
e21d8b0fec73,dd8ffca97b36,links_to
96057181c2ce,4808acaae9b3,links_to
b10baafc21ef,c9a02b0e596e,links_to
dd8ffca97b36,94a3819fe6ce,links_to
aca7bdedc637,37b573feddfa,links_to
7b875232de76,052c8b9e4e05,links_to
2170642291aa,42d8eb67b19b,links_to
10729a4f35ce,86317ebe1be9,links_to
37d21d0680e0,aca7bdedc637,links_to
a99d1fde16b3,e751c6101df7,links_to
f8c4c7fc5eef,052c8b9e4e05,links_to
7b875232de76,889e4cb30a72,links_to
a99d1fde16b3,96057181c2ce,links_to
03827b9845c0,02677ddcf285,links_to
3299c41ede69,c9a02b0e596e,links_to
723f18b5c915,1703daed2e39,links_to
96057181c2ce,10729a4f35ce,links_to
a99d1fde16b3,957c1a7eca54,links_to
cab5aa48075d,df2397e83fa1,links_to
ffff9f1665ba,d29090e25b37,links_to
620700ba915b,42d8eb67b19b,links_to
4808acaae9b3,37b573feddfa,links_to
a99d1fde16b3,723f18b5c915,links_to
1703daed2e39,42d8eb67b19b,links_to
42d8eb67b19b,dd8ffca97b36,links_to
2c21643360fc,1703daed2e39,links_to
620700ba915b,f8c4c7fc5eef,links_to
42d8eb67b19b,94a3819fe6ce,links_to
ecdb35f0d6dc,3f0e5b6166fa,links_to
dd8ffca97b36,7830d5834c88,links_to
889e4cb30a72,d29090e25b37,links_to
8f13a629c006,508ac62cba60,links_to
02677ddcf285,ecdb35f0d6dc,links_to
cab5aa48075d,2170642291aa,links_to
c9a02b0e596e,8186d6afcd62,links_to
3f0e5b6166fa,d82cd6ccbb5e,links_to
723f18b5c915,2c21643360fc,links_to
50cdbd9b2500,f97350e081b9,links_to
e21d8b0fec73,889e4cb30a72,links_to
f97350e081b9,37b573feddfa,links_to
cab5aa48075d,e751c6101df7,links_to
a3f77e75fcc6,e751c6101df7,links_to
df2397e83fa1,e751c6101df7,links_to
ecdb35f0d6dc,c6bce6f80cfd,links_to
a3f77e75fcc6,96057181c2ce,links_to
3299c41ede69,723f18b5c915,links_to
d29090e25b37,50cdbd9b2500,links_to
02677ddcf285,508ac62cba60,links_to
42d8eb67b19b,7830d5834c88,links_to
d29090e25b37,b10baafc21ef,links_to
8186d6afcd62,1703daed2e39,links_to
d82cd6ccbb5e,846bd160c80f,links_to
e21d8b0fec73,0b0b501bf9dd,links_to
8b59ac1648f1,c6bce6f80cfd,links_to
a3f77e75fcc6,957c1a7eca54,links_to
df2397e83fa1,957c1a7eca54,links_to
620700ba915b,ecdb35f0d6dc,links_to
59a38a167e47,42d8eb67b19b,links_to
03827b9845c0,dd8ffca97b36,links_to
2170642291aa,3f0e5b6166fa,links_to
aca7bdedc637,dd8ffca97b36,links_to
f8c4c7fc5eef,846bd160c80f,links_to
7830d5834c88,8f13a629c006,links_to
